name,3FAvg,TmSd,OppSdAvg,NxtGmeFPTS,
Rui Hachimura, 23.666666666666668, 3, 8.666666666666666, 15.0,
Rui Hachimura, 24.0, 3, 7.666666666666667, 16.0,
Rui Hachimura, 11.5, 3, 9.0, 11.0,
Rui Hachimura, 20.666666666666668, 3, 10.666666666666666, 0.0,
Rui Hachimura, 0, 3, 12.0, 0.0,
Rui Hachimura, 13.5, 3, 9.333333333333334, 18.0,
Rui Hachimura, 25.5, 3, 7.333333333333333, 29.0,
Rui Hachimura, 23.666666666666668, 3, 10.0, 31.0,
Rui Hachimura, 34.333333333333336, 3, 7.666666666666667, 13.0,
Rui Hachimura, 16.333333333333332, 3, 7.333333333333333, 1.0,
Rui Hachimura, 23.333333333333332, 3, 7.333333333333333, 15.0,
Rui Hachimura, 7.0, 3, 6.666666666666667, 13.0,
Rui Hachimura, 14.0, 3, 11.666666666666666, 20.0,
Rui Hachimura, 23.0, 3, 7.333333333333333, 23.0,
Rui Hachimura, 18.333333333333332, 3, 11.333333333333334, 0.0,
Rui Hachimura, 13.0, 3, 7.666666666666667, 24.0,
Rui Hachimura, 33.0, 3, 8.666666666666666, 18.0,
Rui Hachimura, 24.666666666666668, 3, 13.666666666666666, 21.0,
Rui Hachimura, 23.333333333333332, 3, 6.666666666666667, 9.0,
Rui Hachimura, 23.666666666666668, 3, 8.0, 9.0,
Jalen Green, 29.333333333333332, 2, 11.666666666666666, 11.0,
Jalen Green, 30.0, 2, 10.0, 19.0,
Jalen Green, 17.333333333333332, 2, 5.666666666666667, 13.0,
Jalen Green, 17.0, 2, 8.666666666666666, 22.0,
Jalen Green, 17.0, 2, 6.333333333333333, 16.0,
Jalen Green, 17.666666666666668, 2, 9.333333333333334, 9.0,
Jalen Green, 25.0, 2, 6.666666666666667, 3.0,
Jalen Green, 22.5, 2, 7.0, 23.0,
Jalen Green, 22.0, 2, 7.333333333333333, 9.0,
Jalen Green, 22.0, 2, 13.0, 5.0,
Jalen Green, 20.666666666666668, 2, 8.666666666666666, 19.0,
Jalen Green, 12.0, 2, 6.666666666666667, 23.0,
Jalen Green, 39.333333333333336, 2, 6.666666666666667, 29.0,
Jalen Green, 45.333333333333336, 2, 9.0, 21.0,
Jalen Green, 23.0, 2, 1.3333333333333333, 6.0,
Jalen Green, 17.666666666666668, 2, 9.333333333333334, 9.0,
Jalen Green, 23.0, 2, 7.0, 15.0,
Jalen Green, 17.666666666666668, 2, 10.666666666666666, 42.0,
Jalen Green, 27.333333333333332, 2, 9.333333333333334, 25.0,
Jalen Green, 19.666666666666668, 2, 9.0, 20.0,
Dillon Brooks, 16.333333333333332, 2, 11.666666666666666, 8.0,
Dillon Brooks, 14.5, 2, 10.0, 11.0,
Dillon Brooks, 12.333333333333334, 2, 5.666666666666667, 18.0,
Dillon Brooks, 15.666666666666666, 2, 8.666666666666666, 12.0,
Dillon Brooks, 20.666666666666668, 2, 6.333333333333333, 8.0,
Dillon Brooks, 14.333333333333334, 2, 9.333333333333334, 19.0,
Dillon Brooks, 14.666666666666666, 2, 6.666666666666667, 3.0,
Dillon Brooks, 15.0, 2, 7.0, 14.0,
Dillon Brooks, 25.666666666666668, 2, 7.333333333333333, 15.0,
Dillon Brooks, 28.666666666666668, 2, 13.0, 0.0,
Dillon Brooks, 0, 2, 8.666666666666666, 21.0,
Dillon Brooks, 23.0, 2, 6.666666666666667, 9.0,
Dillon Brooks, 11.666666666666666, 2, 6.666666666666667, 19.0,
Dillon Brooks, 15.666666666666666, 2, 9.0, 18.0,
Dillon Brooks, 16.333333333333332, 2, 1.3333333333333333, 8.0,
Dillon Brooks, 23.666666666666668, 2, 9.333333333333334, 4.0,
Dillon Brooks, 9.5, 2, 7.0, 24.0,
Dillon Brooks, 18.0, 2, 10.666666666666666, 20.0,
Dillon Brooks, 18.0, 2, 9.333333333333334, 28.0,
Dillon Brooks, 17.0, 2, 9.0, 35.0,
Lebron James, 36.333333333333336, 3, 8.666666666666666, 20.0,
Lebron James, 21.5, 3, 7.666666666666667, 25.0,
Lebron James, 49.333333333333336, 3, 9.0, 28.0,
Lebron James, 58.0, 3, 10.666666666666666, 11.0,
Lebron James, 30.0, 3, 12.0, 17.0,
Lebron James, 34.0, 3, 9.333333333333334, 9.0,
Lebron James, 25.0, 3, 7.333333333333333, 19.0,
Lebron James, 28.333333333333332, 3, 10.0, 32.0,
Lebron James, 77.0, 3, 7.666666666666667, 34.0,
Lebron James, 36.333333333333336, 3, 7.333333333333333, 7.0,
Lebron James, 54.5, 3, 7.333333333333333, 27.0,
Lebron James, 40.5, 3, 6.666666666666667, 20.0,
Lebron James, 41.0, 3, 11.666666666666666, 29.0,
Lebron James, 42.0, 3, 7.333333333333333, 30.0,
Lebron James, 43.333333333333336, 3, 11.333333333333334, 11.0,
Lebron James, 34.333333333333336, 3, 7.666666666666667, 13.0,
Lebron James, 43.5, 3, 8.666666666666666, 52.0,
Lebron James, 61.0, 3, 13.666666666666666, 14.0,
Lebron James, 39.333333333333336, 3, 6.666666666666667, 31.0,
Lebron James, 40.666666666666664, 3, 8.0, 35.0,
Draymond Green, 16.666666666666668, 7, 10.666666666666666, 30.0,
Draymond Green, 37.5, 7, 10.0, 4.0,
Draymond Green, 23.0, 7, 6.0, 25.0,
Draymond Green, 33.666666666666664, 7, 6.333333333333333, 34.0,
Draymond Green, 31.333333333333332, 7, 9.0, 12.0,
Draymond Green, 19.666666666666668, 7, 8.666666666666666, 28.0,
Draymond Green, 34.5, 7, 5.666666666666667, 0.0,
Draymond Green, 36.0, 7, 4.666666666666667, 22.0,
Draymond Green, 21.0, 7, 8.0, -8.0,
Draymond Green, 9.5, 7, 4.0, 24.0,
Draymond Green, 40.5, 7, 8.333333333333334, 24.0,
Draymond Green, 26.5, 7, 9.0, 24.0,
Draymond Green, 25.0, 7, 7.0, 21.0,
Draymond Green, 21.0, 7, 7.666666666666667, 0.0,
Draymond Green, 0.0, 7, 7.0, 0.0,
Draymond Green, 0, 7, 9.0, 0.0,
Draymond Green, 0, 7, 8.333333333333334, 3.0,
Draymond Green, 21.0, 7, 8.0, 27.0,
Draymond Green, 35.0, 7, 7.0, 37.0,
Draymond Green, 34.666666666666664, 7, 11.333333333333334, 27.0,
Stephen Curry, 34.666666666666664, 7, 10.666666666666666, 0.0,
Stephen Curry, 0, 7, 10.0, 0.0,
Stephen Curry, 46.0, 7, 6.0, 9.0,
Stephen Curry, 39.333333333333336, 7, 6.333333333333333, 30.0,
Stephen Curry, 41.0, 7, 9.0, 37.0,
Stephen Curry, 32.333333333333336, 7, 8.666666666666666, 0.0,
Stephen Curry, 27.0, 7, 5.666666666666667, 14.0,
Stephen Curry, 25.5, 7, 4.666666666666667, 32.0,
Stephen Curry, 41.333333333333336, 7, 8.0, 4.0,
Stephen Curry, 27.0, 7, 4.0, 23.0,
Stephen Curry, 33.0, 7, 8.333333333333334, 18.0,
Stephen Curry, 39.0, 7, 9.0, 0.0,
Stephen Curry, 34.0, 7, 7.0, 35.0,
Stephen Curry, 32.5, 7, 7.666666666666667, 28.0,
Stephen Curry, 37.333333333333336, 7, 7.0, 13.0,
Stephen Curry, 26.666666666666668, 7, 9.0, 0.0,
Stephen Curry, 24.5, 7, 8.333333333333334, 3.0,
Stephen Curry, 26.5, 7, 8.0, 27.0,
Stephen Curry, 40.0, 7, 7.0, 35.0,
Stephen Curry, 34.0, 7, 11.333333333333334, 25.0,
Buddy Hield, 28.666666666666668, 7, 10.666666666666666, 28.0,
Buddy Hield, 33.5, 7, 10.0, 31.0,
Buddy Hield, 34.333333333333336, 7, 6.0, 3.0,
Buddy Hield, 11.666666666666666, 7, 6.333333333333333, 12.0,
Buddy Hield, 9.0, 7, 9.0, 13.0,
Buddy Hield, 14.0, 7, 8.666666666666666, 13.0,
Buddy Hield, 19.0, 7, 5.666666666666667, 7.0,
Buddy Hield, 4.0, 7, 4.666666666666667, 26.0,
Buddy Hield, 27.333333333333332, 7, 8.0, 18.0,
Buddy Hield, 15.333333333333334, 7, 4.0, 4.0,
Buddy Hield, 3.3333333333333335, 7, 8.333333333333334, -4.0,
Buddy Hield, -0.5, 7, 9.0, 7.0,
Buddy Hield, 17.0, 7, 7.0, 31.0,
Buddy Hield, 24.666666666666668, 7, 7.666666666666667, 33.0,
Buddy Hield, 16.0, 7, 7.0, 31.0,
Buddy Hield, 15.666666666666666, 7, 9.0, 5.0,
Buddy Hield, 15.0, 7, 8.333333333333334, 3.0,
Buddy Hield, 14.5, 7, 8.0, 21.0,
Buddy Hield, 23.666666666666668, 7, 7.0, -1.0,
Buddy Hield, 13.666666666666666, 7, 11.333333333333334, 11.0,
Trayce Jackson-Davis, 17.666666666666668, 7, 10.666666666666666, 16.0,
Trayce Jackson-Davis, 22.5, 7, 10.0, 15.0,
Trayce Jackson-Davis, 15.333333333333334, 7, 6.0, 16.0,
Trayce Jackson-Davis, 12.666666666666666, 7, 6.333333333333333, 20.0,
Trayce Jackson-Davis, 21.333333333333332, 7, 9.0, 15.0,
Trayce Jackson-Davis, 15.0, 7, 8.666666666666666, 1.0,
Trayce Jackson-Davis, 9.5, 7, 5.666666666666667, 16.0,
Trayce Jackson-Davis, 10.666666666666666, 7, 4.666666666666667, 0.0,
Trayce Jackson-Davis, 15.0, 7, 8.0, 23.0,
Trayce Jackson-Davis, 29.0, 7, 4.0, 19.0,
Trayce Jackson-Davis, 33.0, 7, 8.333333333333334, 23.0,
Trayce Jackson-Davis, 21.5, 7, 9.0, 32.0,
Trayce Jackson-Davis, 22.0, 7, 7.0, 6.0,
Trayce Jackson-Davis, 20.0, 7, 7.666666666666667, 13.0,
Trayce Jackson-Davis, 18.666666666666668, 7, 7.0, 13.0,
Trayce Jackson-Davis, 15.0, 7, 9.0, 6.0,
Trayce Jackson-Davis, 3.5, 7, 8.333333333333334, 3.0,
Trayce Jackson-Davis, 0, 7, 8.0, 4.0,
Trayce Jackson-Davis, 5.0, 7, 7.0, 0.0,
Trayce Jackson-Davis, 3.0, 7, 11.333333333333334, 0.0,
Moses Moody, 10.666666666666666, 7, 10.666666666666666, 17.0,
Moses Moody, 17.0, 7, 10.0, 13.0,
Moses Moody, 15.0, 7, 6.0, 9.0,
Moses Moody, 6.333333333333333, 7, 6.333333333333333, 3.0,
Moses Moody, 6.0, 7, 9.0, 8.0,
Moses Moody, 14.333333333333334, 7, 8.666666666666666, -2.0,
Moses Moody, -2.5, 7, 5.666666666666667, 17.0,
Moses Moody, 6.666666666666667, 7, 4.666666666666667, 0.0,
Moses Moody, 0.0, 7, 8.0, 0.0,
Moses Moody, 1.0, 7, 4.0, 0.0,
Moses Moody, 23.0, 7, 8.333333333333334, 18.0,
Moses Moody, 21.0, 7, 9.0, 8.0,
Moses Moody, 10.666666666666666, 7, 7.0, 0.0,
Moses Moody, 7.5, 7, 7.666666666666667, 9.0,
Moses Moody, 23.333333333333332, 7, 7.0, 14.0,
Moses Moody, 22.666666666666668, 7, 9.0, 13.0,
Moses Moody, 16.666666666666668, 7, 8.333333333333334, 3.0,
Moses Moody, 16.0, 7, 8.0, 17.0,
Moses Moody, 14.666666666666666, 7, 7.0, 20.0,
Moses Moody, 28.333333333333332, 7, 11.333333333333334, 23.0,
Christian Braun, 28.0, 4, 5.666666666666667, 16.0,
Christian Braun, 20.5, 4, 11.0, 29.0,
Christian Braun, 28.666666666666668, 4, 7.333333333333333, 14.0,
Christian Braun, 29.0, 4, 10.666666666666666, 20.0,
Christian Braun, 24.666666666666668, 4, 7.0, 17.0,
Christian Braun, 26.333333333333332, 4, 7.666666666666667, 3.0,
Christian Braun, 15.5, 4, 7.666666666666667, 20.0,
Christian Braun, 24.333333333333332, 4, 7.333333333333333, 17.0,
Christian Braun, 18.0, 4, 12.333333333333334, 19.0,
Christian Braun, 15.333333333333334, 4, 6.0, 13.0,
Christian Braun, 30.333333333333332, 4, 12.0, 3.0,
Christian Braun, 27.5, 4, 6.666666666666667, 20.0,
Christian Braun, 20.0, 4, 10.666666666666666, 9.0,
Christian Braun, 14.0, 4, 6.333333333333333, 9.0,
Christian Braun, 22.333333333333332, 4, 9.333333333333334, 17.0,
Christian Braun, 24.666666666666668, 4, 8.333333333333334, 29.0,
Christian Braun, 27.666666666666668, 4, 14.0, 3.0,
Christian Braun, 31.0, 4, 10.0, 40.0,
Christian Braun, 40.0, 4, 9.666666666666666, 18.0,
Christian Braun, 32.333333333333336, 4, 5.0, 10.0,
Vlatko Cancar, 1.0, 4, 5.666666666666667, 0.0,
Vlatko Cancar, 0, 4, 11.0, 0.0,
Vlatko Cancar, 0, 4, 7.333333333333333, 0.0,
Vlatko Cancar, 7.0, 4, 10.666666666666666, 0.0,
Vlatko Cancar, 3.5, 4, 7.0, 0.0,
Vlatko Cancar, 0, 4, 7.666666666666667, 3.0,
Vlatko Cancar, 0, 4, 7.666666666666667, 0.0,
Vlatko Cancar, 0, 4, 7.333333333333333, 0.0,
Vlatko Cancar, 0, 4, 12.333333333333334, 0.0,
Vlatko Cancar, 0, 4, 6.0, 0.0,
Vlatko Cancar, 0, 4, 12.0, 3.0,
Vlatko Cancar, 0, 4, 6.666666666666667, 0.0,
Vlatko Cancar, 0, 4, 10.666666666666666, 0.0,
Vlatko Cancar, 0, 4, 6.333333333333333, 0.0,
Vlatko Cancar, 0, 4, 9.333333333333334, 0.0,
Vlatko Cancar, 0, 4, 8.333333333333334, 0.0,
Vlatko Cancar, 0, 4, 14.0, 3.0,
Vlatko Cancar, 0, 4, 10.0, 0.0,
Vlatko Cancar, 0, 4, 9.666666666666666, 0.0,
Vlatko Cancar, 0, 4, 5.0, 0.0,
Aaron Gordon, 25.0, 4, 5.666666666666667, 24.0,
Aaron Gordon, 40.0, 4, 11.0, 17.0,
Aaron Gordon, 14.5, 4, 7.333333333333333, 0.0,
Aaron Gordon, 0, 4, 10.666666666666666, 0.0,
Aaron Gordon, 0, 4, 7.0, 0.0,
Aaron Gordon, 0, 4, 7.666666666666667, 3.0,
Aaron Gordon, 24.0, 4, 7.666666666666667, 18.0,
Aaron Gordon, 15.0, 4, 7.333333333333333, 11.0,
Aaron Gordon, 17.0, 4, 12.333333333333334, 24.0,
Aaron Gordon, 17.333333333333332, 4, 6.0, 0.0,
Aaron Gordon, 0, 4, 12.0, 3.0,
Aaron Gordon, 0, 4, 6.666666666666667, 0.0,
Aaron Gordon, 0, 4, 10.666666666666666, 0.0,
Aaron Gordon, 18.0, 4, 6.333333333333333, 0.0,
Aaron Gordon, 12.5, 4, 9.333333333333334, 16.0,
Aaron Gordon, 14.666666666666666, 4, 8.333333333333334, 18.0,
Aaron Gordon, 17.333333333333332, 4, 14.0, 3.0,
Aaron Gordon, 8.0, 4, 10.0, 19.0,
Aaron Gordon, 27.666666666666668, 4, 9.666666666666666, 28.0,
Aaron Gordon, 26.0, 4, 5.0, 24.0,
Nikola Jokic, 54.333333333333336, 4, 5.666666666666667, 36.0,
Nikola Jokic, 67.5, 4, 11.0, 23.0,
Nikola Jokic, 57.666666666666664, 4, 7.333333333333333, 12.0,
Nikola Jokic, 75.0, 4, 10.666666666666666, 0.0,
Nikola Jokic, 55.0, 4, 7.0, 30.0,
Nikola Jokic, 50.0, 4, 7.666666666666667, 3.0,
Nikola Jokic, 58.5, 4, 7.666666666666667, 17.0,
Nikola Jokic, 66.33333333333333, 4, 7.333333333333333, 13.0,
Nikola Jokic, 42.0, 4, 12.333333333333334, 17.0,
Nikola Jokic, 45.666666666666664, 4, 6.0, 24.0,
Nikola Jokic, 65.66666666666667, 4, 12.0, 3.0,
Nikola Jokic, 62.5, 4, 6.666666666666667, 37.0,
Nikola Jokic, 73.0, 4, 10.666666666666666, 38.0,
Nikola Jokic, 60.0, 4, 6.333333333333333, 0.0,
Nikola Jokic, 62.5, 4, 9.333333333333334, 28.0,
Nikola Jokic, 65.33333333333333, 4, 8.333333333333334, 23.0,
Nikola Jokic, 53.333333333333336, 4, 14.0, 3.0,
Nikola Jokic, 73.0, 4, 10.0, 28.0,
Nikola Jokic, 57.666666666666664, 4, 9.666666666666666, 37.0,
Nikola Jokic, 59.333333333333336, 4, 5.0, 3.0,
DeAndre Jordan, 0, 4, 5.666666666666667, 0.0,
DeAndre Jordan, 0, 4, 11.0, 3.0,
DeAndre Jordan, 6.5, 4, 7.333333333333333, 0.0,
DeAndre Jordan, 0, 4, 10.666666666666666, 5.0,
DeAndre Jordan, 5.0, 4, 7.0, 8.0,
DeAndre Jordan, 6.0, 4, 7.666666666666667, 3.0,
DeAndre Jordan, 0, 4, 7.666666666666667, 0.0,
DeAndre Jordan, 5.0, 4, 7.333333333333333, 25.0,
DeAndre Jordan, 16.666666666666668, 4, 12.333333333333334, 7.0,
DeAndre Jordan, 10.0, 4, 6.0, 18.0,
DeAndre Jordan, 10.333333333333334, 4, 12.0, 3.0,
DeAndre Jordan, 14.0, 4, 6.666666666666667, 3.0,
DeAndre Jordan, 12.666666666666666, 4, 10.666666666666666, 6.0,
DeAndre Jordan, 11.666666666666666, 4, 6.333333333333333, 22.0,
DeAndre Jordan, 11.0, 4, 9.333333333333334, 14.0,
DeAndre Jordan, 9.666666666666666, 4, 8.333333333333334, 0.0,
DeAndre Jordan, 6.0, 4, 14.0, 3.0,
DeAndre Jordan, 10.0, 4, 10.0, 10.0,
DeAndre Jordan, 13.0, 4, 9.666666666666666, 14.0,
DeAndre Jordan, 11.0, 4, 5.0, 4.0,
Jamal Murray, 28.333333333333332, 4, 5.666666666666667, 11.0,
Jamal Murray, 16.5, 4, 11.0, 0.0,
Jamal Murray, 0, 4, 7.333333333333333, 23.0,
Jamal Murray, 28.666666666666668, 4, 10.666666666666666, 33.0,
Jamal Murray, 41.0, 4, 7.0, 20.0,
Jamal Murray, 34.333333333333336, 4, 7.666666666666667, 3.0,
Jamal Murray, 31.5, 4, 7.666666666666667, 28.0,
Jamal Murray, 28.0, 4, 7.333333333333333, 24.0,
Jamal Murray, 38.333333333333336, 4, 12.333333333333334, 29.0,
Jamal Murray, 28.0, 4, 6.0, 18.0,
Jamal Murray, 47.333333333333336, 4, 12.0, 3.0,
Jamal Murray, 24.5, 4, 6.666666666666667, 43.0,
Jamal Murray, 38.666666666666664, 4, 10.666666666666666, 9.0,
Jamal Murray, 24.333333333333332, 4, 6.333333333333333, 15.0,
Jamal Murray, 35.666666666666664, 4, 9.333333333333334, 18.0,
Jamal Murray, 26.666666666666668, 4, 8.333333333333334, 46.0,
Jamal Murray, 44.666666666666664, 4, 14.0, 3.0,
Jamal Murray, 29.0, 4, 10.0, 11.0,
Jamal Murray, 33.0, 4, 9.666666666666666, 38.0,
Jamal Murray, 49.333333333333336, 4, 5.0, 31.0,
Zeke Nnaji, -1.0, 4, 5.666666666666667, 0.0,
Zeke Nnaji, 0, 4, 11.0, 12.0,
Zeke Nnaji, 7.333333333333333, 4, 7.333333333333333, 1.0,
Zeke Nnaji, 2.0, 4, 10.666666666666666, -1.0,
Zeke Nnaji, 0.0, 4, 7.0, -1.0,
Zeke Nnaji, -1.3333333333333333, 4, 7.666666666666667, 3.0,
Zeke Nnaji, 2.0, 4, 7.666666666666667, 0.0,
Zeke Nnaji, 0.0, 4, 7.333333333333333, 2.0,
Zeke Nnaji, 2.0, 4, 12.333333333333334, 0.0,
Zeke Nnaji, -1.0, 4, 6.0, 0.0,
Zeke Nnaji, 0.0, 4, 12.0, 3.0,
Zeke Nnaji, 1.0, 4, 6.666666666666667, 0.0,
Zeke Nnaji, 0.0, 4, 10.666666666666666, 0.0,
Zeke Nnaji, 1.0, 4, 6.333333333333333, 3.0,
Zeke Nnaji, 1.3333333333333333, 4, 9.333333333333334, 6.0,
Zeke Nnaji, 3.5, 4, 8.333333333333334, 0.0,
Zeke Nnaji, 0, 4, 14.0, 3.0,
Zeke Nnaji, 24.5, 4, 10.0, 12.0,
Zeke Nnaji, 12.666666666666666, 4, 9.666666666666666, 17.0,
Zeke Nnaji, 28.0, 4, 5.0, 5.0,
Jalen Pickett, -1.0, 4, 5.666666666666667, 0.0,
Jalen Pickett, 0, 4, 11.0, 0.0,
Jalen Pickett, 0.0, 4, 7.333333333333333, 0.0,
Jalen Pickett, 0, 4, 10.666666666666666, 0.0,
Jalen Pickett, 0, 4, 7.0, 0.0,
Jalen Pickett, 0, 4, 7.666666666666667, 3.0,
Jalen Pickett, 0, 4, 7.666666666666667, 0.0,
Jalen Pickett, 12.0, 4, 7.333333333333333, 6.0,
Jalen Pickett, 6.0, 4, 12.333333333333334, 0.0,
Jalen Pickett, 26.0, 4, 6.0, 2.0,
Jalen Pickett, 2.0, 4, 12.0, 3.0,
Jalen Pickett, 13.0, 4, 6.666666666666667, 4.0,
Jalen Pickett, 4.0, 4, 10.666666666666666, 4.0,
Jalen Pickett, 3.0, 4, 6.333333333333333, 15.0,
Jalen Pickett, 5.333333333333333, 4, 9.333333333333334, 2.0,
Jalen Pickett, 1.5, 4, 8.333333333333334, 0.0,
Jalen Pickett, 0, 4, 14.0, 3.0,
Jalen Pickett, 5.5, 4, 10.0, 13.0,
Jalen Pickett, 13.666666666666666, 4, 9.666666666666666, 40.0,
Jalen Pickett, 20.5, 4, 5.0, 2.0,
Michael Porter Jr., 21.0, 4, 5.666666666666667, 27.0,
Michael Porter Jr., 32.0, 4, 11.0, 19.0,
Michael Porter Jr., 31.666666666666668, 4, 7.333333333333333, 31.0,
Michael Porter Jr., 37.333333333333336, 4, 10.666666666666666, 3.0,
Michael Porter Jr., 21.333333333333332, 4, 7.0, 14.0,
Michael Porter Jr., 29.666666666666668, 4, 7.666666666666667, 3.0,
Michael Porter Jr., 23.5, 4, 7.666666666666667, 33.0,
Michael Porter Jr., 32.333333333333336, 4, 7.333333333333333, 27.0,
Michael Porter Jr., 24.666666666666668, 4, 12.333333333333334, 10.0,
Michael Porter Jr., 21.333333333333332, 4, 6.0, 25.0,
Michael Porter Jr., 24.666666666666668, 4, 12.0, 3.0,
Michael Porter Jr., 31.5, 4, 6.666666666666667, 17.0,
Michael Porter Jr., 29.0, 4, 10.666666666666666, 31.0,
Michael Porter Jr., 22.333333333333332, 4, 6.333333333333333, 6.0,
Michael Porter Jr., 17.0, 4, 9.333333333333334, 25.0,
Michael Porter Jr., 20.666666666666668, 4, 8.333333333333334, 19.0,
Michael Porter Jr., 21.666666666666668, 4, 14.0, 3.0,
Michael Porter Jr., 35.0, 4, 10.0, 36.0,
Michael Porter Jr., 49.0, 4, 9.666666666666666, 0.0,
Michael Porter Jr., 12.0, 4, 5.0, 17.0,
Peyton Watson, 7.666666666666667, 4, 5.666666666666667, 8.0,
Peyton Watson, 5.0, 4, 11.0, 15.0,
Peyton Watson, 23.333333333333332, 4, 7.333333333333333, 29.0,
Peyton Watson, 26.0, 4, 10.666666666666666, 21.0,
Peyton Watson, 24.666666666666668, 4, 7.0, 11.0,
Peyton Watson, 14.0, 4, 7.666666666666667, 3.0,
Peyton Watson, 20.5, 4, 7.666666666666667, 14.0,
Peyton Watson, 13.333333333333334, 4, 7.333333333333333, 17.0,
Peyton Watson, 15.333333333333334, 4, 12.333333333333334, 23.0,
Peyton Watson, 14.0, 4, 6.0, 21.0,
Peyton Watson, 23.0, 4, 12.0, 3.0,
Peyton Watson, 18.0, 4, 6.666666666666667, 22.0,
Peyton Watson, 24.333333333333332, 4, 10.666666666666666, 21.0,
Peyton Watson, 23.666666666666668, 4, 6.333333333333333, 10.0,
Peyton Watson, 14.666666666666666, 4, 9.333333333333334, 12.0,
Peyton Watson, 21.333333333333332, 4, 8.333333333333334, 23.0,
Peyton Watson, 12.666666666666666, 4, 14.0, 3.0,
Peyton Watson, 0, 4, 10.0, 0.0,
Peyton Watson, 0, 4, 9.666666666666666, 0.0,
Peyton Watson, 0, 4, 5.0, 0.0,
Russell Westbrook, 14.666666666666666, 4, 5.666666666666667, 21.0,
Russell Westbrook, 23.5, 4, 11.0, 31.0,
Russell Westbrook, 31.333333333333332, 4, 7.333333333333333, 11.0,
Russell Westbrook, 19.666666666666668, 4, 10.666666666666666, 17.0,
Russell Westbrook, 28.666666666666668, 4, 7.0, 19.0,
Russell Westbrook, 32.333333333333336, 4, 7.666666666666667, 3.0,
Russell Westbrook, 22.0, 4, 7.666666666666667, 9.0,
Russell Westbrook, 34.333333333333336, 4, 7.333333333333333, 12.0,
Russell Westbrook, 32.666666666666664, 4, 12.333333333333334, 27.0,
Russell Westbrook, 25.666666666666668, 4, 6.0, 18.0,
Russell Westbrook, 35.666666666666664, 4, 12.0, 3.0,
Russell Westbrook, 32.5, 4, 6.666666666666667, 39.0,
Russell Westbrook, 32.333333333333336, 4, 10.666666666666666, 15.0,
Russell Westbrook, 36.333333333333336, 4, 6.333333333333333, 14.0,
Russell Westbrook, 18.0, 4, 9.333333333333334, 21.0,
Russell Westbrook, 25.0, 4, 8.333333333333334, 23.0,
Russell Westbrook, 20.0, 4, 14.0, 3.0,
Russell Westbrook, 0, 4, 10.0, 0.0,
Russell Westbrook, 0, 4, 9.666666666666666, 0.0,
Russell Westbrook, 9.0, 4, 5.0, 6.0,
Jarrett Allen, 38.0, 1, 10.666666666666666, 10.0,
Jarrett Allen, 36.0, 1, 4.333333333333333, 8.0,
Jarrett Allen, 27.666666666666668, 1, 8.0, 34.0,
Jarrett Allen, 24.0, 1, 9.333333333333334, 17.0,
Jarrett Allen, 31.333333333333332, 1, 12.0, 20.0,
Jarrett Allen, 35.0, 1, 9.0, 15.0,
Jarrett Allen, 26.333333333333332, 1, 6.0, 3.0,
Jarrett Allen, 17.5, 1, 11.0, 28.0,
Jarrett Allen, 24.0, 1, 12.333333333333334, 19.0,
Jarrett Allen, 31.666666666666668, 1, 11.0, 12.0,
Jarrett Allen, 23.666666666666668, 1, 4.666666666666667, 21.0,
Jarrett Allen, 42.0, 1, 8.333333333333334, 18.0,
Jarrett Allen, 38.333333333333336, 1, 6.333333333333333, 30.0,
Jarrett Allen, 35.333333333333336, 1, 6.0, 7.0,
Jarrett Allen, 19.333333333333332, 1, 5.666666666666667, 37.0,
Jarrett Allen, 26.666666666666668, 1, 8.0, 22.0,
Jarrett Allen, 28.666666666666668, 1, 6.0, 3.0,
Jarrett Allen, 32.5, 1, 10.666666666666666, 27.0,
Jarrett Allen, 34.0, 1, 7.666666666666667, 18.0,
Jarrett Allen, 28.333333333333332, 1, 7.0, 0.0,
Darius Garland, 22.333333333333332, 1, 10.666666666666666, 24.0,
Darius Garland, 40.0, 1, 4.333333333333333, 24.0,
Darius Garland, 37.666666666666664, 1, 8.0, 34.0,
Darius Garland, 35.666666666666664, 1, 9.333333333333334, 33.0,
Darius Garland, 34.0, 1, 12.0, 16.0,
Darius Garland, 26.5, 1, 9.0, 27.0,
Darius Garland, 32.666666666666664, 1, 6.0, 3.0,
Darius Garland, 28.5, 1, 11.0, 22.0,
Darius Garland, 23.0, 1, 12.333333333333334, 36.0,
Darius Garland, 26.0, 1, 11.0, 34.0,
Darius Garland, 42.333333333333336, 1, 4.666666666666667, 28.0,
Darius Garland, 43.5, 1, 8.333333333333334, 36.0,
Darius Garland, 29.666666666666668, 1, 6.333333333333333, 30.0,
Darius Garland, 34.666666666666664, 1, 6.0, 26.0,
Darius Garland, 36.0, 1, 5.666666666666667, 22.0,
Darius Garland, 38.333333333333336, 1, 8.0, 18.0,
Darius Garland, 32.0, 1, 6.0, 3.0,
Darius Garland, 34.0, 1, 10.666666666666666, 16.0,
Darius Garland, 22.666666666666668, 1, 7.666666666666667, 36.0,
Darius Garland, 30.666666666666668, 1, 7.0, 0.0,
Ty Jerome, 25.666666666666668, 1, 10.666666666666666, 4.0,
Ty Jerome, 16.0, 1, 4.333333333333333, 22.0,
Ty Jerome, 15.333333333333334, 1, 8.0, 19.0,
Ty Jerome, 23.333333333333332, 1, 9.333333333333334, 25.0,
Ty Jerome, 19.333333333333332, 1, 12.0, 27.0,
Ty Jerome, 28.666666666666668, 1, 9.0, 45.0,
Ty Jerome, 31.0, 1, 6.0, 3.0,
Ty Jerome, 3.0, 1, 11.0, 4.0,
Ty Jerome, 10.666666666666666, 1, 12.333333333333334, 12.0,
Ty Jerome, 18.333333333333332, 1, 11.0, 17.0,
Ty Jerome, 10.0, 1, 4.666666666666667, 19.0,
Ty Jerome, 14.5, 1, 8.333333333333334, 20.0,
Ty Jerome, 21.333333333333332, 1, 6.333333333333333, 15.0,
Ty Jerome, 15.0, 1, 6.0, 13.0,
Ty Jerome, 19.0, 1, 5.666666666666667, 25.0,
Ty Jerome, 26.666666666666668, 1, 8.0, 20.0,
Ty Jerome, 29.666666666666668, 1, 6.0, 3.0,
Ty Jerome, 17.5, 1, 10.666666666666666, 8.0,
Ty Jerome, 21.0, 1, 7.666666666666667, 0.0,
Ty Jerome, 19.5, 1, 7.0, 31.0,
Sam Merrill, 9.333333333333334, 1, 10.666666666666666, 15.0,
Sam Merrill, 15.0, 1, 4.333333333333333, 11.0,
Sam Merrill, 19.333333333333332, 1, 8.0, 7.0,
Sam Merrill, 10.0, 1, 9.333333333333334, 0.0,
Sam Merrill, 0.0, 1, 12.0, 0.0,
Sam Merrill, 14.0, 1, 9.0, 9.0,
Sam Merrill, 8.666666666666666, 1, 6.0, 3.0,
Sam Merrill, 23.5, 1, 11.0, 16.0,
Sam Merrill, 11.333333333333334, 1, 12.333333333333334, 28.0,
Sam Merrill, 11.0, 1, 11.0, -1.0,
Sam Merrill, 20.0, 1, 4.666666666666667, 4.0,
Sam Merrill, 2.5, 1, 8.333333333333334, 0.0,
Sam Merrill, 0, 1, 6.333333333333333, -1.0,
Sam Merrill, 3.3333333333333335, 1, 6.0, 21.0,
Sam Merrill, 12.666666666666666, 1, 5.666666666666667, 11.0,
Sam Merrill, 11.333333333333334, 1, 8.0, 11.0,
Sam Merrill, 16.0, 1, 6.0, 3.0,
Sam Merrill, 25.5, 1, 10.666666666666666, 10.0,
Sam Merrill, 14.5, 1, 7.666666666666667, 23.0,
Sam Merrill, 17.666666666666668, 1, 7.0, 4.0,
Donovan Mitchell, 31.666666666666668, 1, 10.666666666666666, 15.0,
Donovan Mitchell, 33.5, 1, 4.333333333333333, 12.0,
Donovan Mitchell, 22.666666666666668, 1, 8.0, 27.0,
Donovan Mitchell, 23.333333333333332, 1, 9.333333333333334, 38.0,
Donovan Mitchell, 56.0, 1, 12.0, 0.0,
Donovan Mitchell, 25.0, 1, 9.0, 9.0,
Donovan Mitchell, 30.666666666666668, 1, 6.0, 3.0,
Donovan Mitchell, 45.5, 1, 11.0, 33.0,
Donovan Mitchell, 30.333333333333332, 1, 12.333333333333334, 23.0,
Donovan Mitchell, 39.0, 1, 11.0, 20.0,
Donovan Mitchell, 37.0, 1, 4.666666666666667, 18.0,
Donovan Mitchell, 26.0, 1, 8.333333333333334, 27.0,
Donovan Mitchell, 20.333333333333332, 1, 6.333333333333333, 0.0,
Donovan Mitchell, 32.5, 1, 6.0, 15.0,
Donovan Mitchell, 30.666666666666668, 1, 5.666666666666667, 25.0,
Donovan Mitchell, 38.333333333333336, 1, 8.0, 24.0,
Donovan Mitchell, 38.666666666666664, 1, 6.0, 3.0,
Donovan Mitchell, 32.5, 1, 10.666666666666666, 0.0,
Donovan Mitchell, 39.0, 1, 7.666666666666667, 15.0,
Donovan Mitchell, 29.0, 1, 7.0, 24.0,
Evan Mobley, 40.333333333333336, 1, 10.666666666666666, 33.0,
Evan Mobley, 26.5, 1, 4.333333333333333, 21.0,
Evan Mobley, 27.666666666666668, 1, 8.0, 29.0,
Evan Mobley, 38.666666666666664, 1, 9.333333333333334, 11.0,
Evan Mobley, 17.5, 1, 12.0, 11.0,
Evan Mobley, 31.666666666666668, 1, 9.0, 23.0,
Evan Mobley, 43.666666666666664, 1, 6.0, 3.0,
Evan Mobley, 26.5, 1, 11.0, 34.0,
Evan Mobley, 37.666666666666664, 1, 12.333333333333334, 0.0,
Evan Mobley, 25.5, 1, 11.0, 25.0,
Evan Mobley, 47.0, 1, 4.666666666666667, 13.0,
Evan Mobley, 20.5, 1, 8.333333333333334, 28.0,
Evan Mobley, 40.666666666666664, 1, 6.333333333333333, 23.0,
Evan Mobley, 36.0, 1, 6.0, 5.0,
Evan Mobley, 5.0, 1, 5.666666666666667, 0.0,
Evan Mobley, 13.0, 1, 8.0, 22.0,
Evan Mobley, 37.333333333333336, 1, 6.0, 3.0,
Evan Mobley, 27.0, 1, 10.666666666666666, 34.0,
Evan Mobley, 52.0, 1, 7.666666666666667, 25.0,
Evan Mobley, 40.0, 1, 7.0, 31.0,
Isaac Okoro, 13.0, 1, 10.666666666666666, 4.0,
Isaac Okoro, 5.0, 1, 4.333333333333333, 11.0,
Isaac Okoro, 17.333333333333332, 1, 8.0, 18.0,
Isaac Okoro, 16.0, 1, 9.333333333333334, 9.0,
Isaac Okoro, 16.333333333333332, 1, 12.0, 5.0,
Isaac Okoro, 5.0, 1, 9.0, 24.0,
Isaac Okoro, 16.0, 1, 6.0, 3.0,
Isaac Okoro, 22.5, 1, 11.0, 7.0,
Isaac Okoro, 7.0, 1, 12.333333333333334, 11.0,
Isaac Okoro, 20.0, 1, 11.0, 0.0,
Isaac Okoro, 0, 1, 4.666666666666667, 0.0,
Isaac Okoro, 0, 1, 8.333333333333334, 0.0,
Isaac Okoro, 4.0, 1, 6.333333333333333, -1.0,
Isaac Okoro, 3.0, 1, 6.0, 2.0,
Isaac Okoro, 2.0, 1, 5.666666666666667, 0.0,
Isaac Okoro, 0, 1, 8.0, 0.0,
Isaac Okoro, 0, 1, 6.0, 3.0,
Isaac Okoro, 0, 1, 10.666666666666666, 0.0,
Isaac Okoro, 0, 1, 7.666666666666667, 0.0,
Isaac Okoro, 6.5, 1, 7.0, 11.0,
Max Strus, 0, 1, 10.666666666666666, 0.0,
Max Strus, 0, 1, 4.333333333333333, 0.0,
Max Strus, 0, 1, 8.0, 0.0,
Max Strus, 0, 1, 9.333333333333334, 0.0,
Max Strus, 0, 1, 12.0, 0.0,
Max Strus, 0, 1, 9.0, 0.0,
Max Strus, 0, 1, 6.0, 3.0,
Max Strus, 0, 1, 11.0, 0.0,
Max Strus, 0, 1, 12.333333333333334, 0.0,
Max Strus, 11.0, 1, 11.0, 0.0,
Max Strus, 10.5, 1, 4.666666666666667, 3.0,
Max Strus, 18.5, 1, 8.333333333333334, 18.0,
Max Strus, 21.0, 1, 6.333333333333333, 12.0,
Max Strus, 18.0, 1, 6.0, 0.0,
Max Strus, 9.333333333333334, 1, 5.666666666666667, 15.0,
Max Strus, 23.333333333333332, 1, 8.0, 16.0,
Max Strus, 25.333333333333332, 1, 6.0, 3.0,
Max Strus, 18.0, 1, 10.666666666666666, 25.0,
Max Strus, 26.5, 1, 7.666666666666667, 30.0,
Max Strus, 18.0, 1, 7.0, 16.0,
Dean Wade, 22.333333333333332, 1, 10.666666666666666, 6.0,
Dean Wade, 13.5, 1, 4.333333333333333, 10.0,
Dean Wade, 12.5, 1, 8.0, 0.0,
Dean Wade, 16.5, 1, 9.333333333333334, 16.0,
Dean Wade, 15.333333333333334, 1, 12.0, 5.0,
Dean Wade, 5.0, 1, 9.0, 0.0,
Dean Wade, 0, 1, 6.0, 3.0,
Dean Wade, 5.0, 1, 11.0, 8.0,
Dean Wade, 19.333333333333332, 1, 12.333333333333334, 5.0,
Dean Wade, 19.333333333333332, 1, 11.0, 23.0,
Dean Wade, 27.5, 1, 4.666666666666667, 16.0,
Dean Wade, 23.5, 1, 8.333333333333334, 15.0,
Dean Wade, 17.333333333333332, 1, 6.333333333333333, 13.0,
Dean Wade, 10.666666666666666, 1, 6.0, 9.0,
Dean Wade, 13.333333333333334, 1, 5.666666666666667, 31.0,
Dean Wade, 22.5, 1, 8.0, 0.0,
Dean Wade, 0, 1, 6.0, 3.0,
Dean Wade, 0, 1, 10.666666666666666, 0.0,
Dean Wade, 0, 1, 7.666666666666667, 0.0,
Dean Wade, 5.0, 1, 7.0, 1.0,
Ochai Agbaji, 21.666666666666668, 11, 6.666666666666667, 25.0,
Ochai Agbaji, 23.0, 11, 7.0, 15.0,
Ochai Agbaji, 30.0, 11, 7.333333333333333, 9.0,
Ochai Agbaji, 28.0, 11, 4.333333333333333, 20.0,
Ochai Agbaji, 17.333333333333332, 11, 4.0, 28.0,
Ochai Agbaji, 18.333333333333332, 11, 4.333333333333333, 1.0,
Ochai Agbaji, 24.0, 11, 11.333333333333334, 3.0,
Ochai Agbaji, 24.5, 11, 5.0, 6.0,
Ochai Agbaji, 7.666666666666667, 11, 7.333333333333333, 10.0,
Ochai Agbaji, 21.0, 11, 5.666666666666667, 18.0,
Ochai Agbaji, 9.666666666666666, 11, 6.0, 5.0,
Ochai Agbaji, 2.0, 11, 8.0, 21.0,
Ochai Agbaji, 20.666666666666668, 11, 3.3333333333333335, 10.0,
Ochai Agbaji, 10.0, 11, 4.666666666666667, 13.0,
Ochai Agbaji, 15.5, 11, 7.666666666666667, 0.0,
Ochai Agbaji, 0, 11, 12.666666666666666, 0.0,
Ochai Agbaji, 12.333333333333334, 11, 5.333333333333333, 3.0,
Ochai Agbaji, 29.0, 11, 5.333333333333333, 20.0,
Ochai Agbaji, 20.333333333333332, 11, 7.333333333333333, 9.0,
Ochai Agbaji, 10.666666666666666, 11, 5.0, 9.0,
Scottie Barnes, 23.333333333333332, 11, 6.666666666666667, 38.0,
Scottie Barnes, 56.0, 11, 7.0, 0.0,
Scottie Barnes, 0, 11, 7.333333333333333, 0.0,
Scottie Barnes, 0, 11, 4.333333333333333, 0.0,
Scottie Barnes, 0, 11, 4.0, 0.0,
Scottie Barnes, 33.5, 11, 4.333333333333333, 26.0,
Scottie Barnes, 40.666666666666664, 11, 11.333333333333334, 3.0,
Scottie Barnes, 41.0, 11, 5.0, 25.0,
Scottie Barnes, 37.333333333333336, 11, 7.333333333333333, 0.0,
Scottie Barnes, 28.0, 11, 5.666666666666667, 17.0,
Scottie Barnes, 26.666666666666668, 11, 6.0, 28.0,
Scottie Barnes, 25.0, 11, 8.0, 25.0,
Scottie Barnes, 38.0, 11, 3.3333333333333335, 41.0,
Scottie Barnes, 41.666666666666664, 11, 4.666666666666667, 40.0,
Scottie Barnes, 38.333333333333336, 11, 7.666666666666667, 37.0,
Scottie Barnes, 41.666666666666664, 11, 12.666666666666666, 38.0,
Scottie Barnes, 36.666666666666664, 11, 5.333333333333333, 3.0,
Scottie Barnes, 26.5, 11, 5.333333333333333, 35.0,
Scottie Barnes, 38.0, 11, 7.333333333333333, 11.0,
Scottie Barnes, 35.666666666666664, 11, 5.0, 22.0,
RJ Barrett, 0, 11, 6.666666666666667, 17.0,
RJ Barrett, 30.5, 11, 7.0, 13.0,
RJ Barrett, 35.333333333333336, 11, 7.333333333333333, 15.0,
RJ Barrett, 19.0, 11, 4.333333333333333, 15.0,
RJ Barrett, 29.666666666666668, 11, 4.0, 32.0,
RJ Barrett, 35.333333333333336, 11, 4.333333333333333, 11.0,
RJ Barrett, 24.333333333333332, 11, 11.333333333333334, 3.0,
RJ Barrett, 39.0, 11, 5.0, 15.0,
RJ Barrett, 29.0, 11, 7.333333333333333, 5.0,
RJ Barrett, 37.5, 11, 5.666666666666667, 0.0,
RJ Barrett, 35.5, 11, 6.0, 16.0,
RJ Barrett, 16.0, 11, 8.0, 0.0,
RJ Barrett, 38.0, 11, 3.3333333333333335, 21.0,
RJ Barrett, 18.0, 11, 4.666666666666667, 15.0,
RJ Barrett, 31.333333333333332, 11, 7.666666666666667, 23.0,
RJ Barrett, 30.333333333333332, 11, 12.666666666666666, 20.0,
RJ Barrett, 16.666666666666668, 11, 5.333333333333333, 3.0,
RJ Barrett, 36.0, 11, 5.333333333333333, 0.0,
RJ Barrett, 0, 11, 7.333333333333333, 0.0,
RJ Barrett, 41.5, 11, 5.0, 27.0,
Chris Boucher, 19.0, 11, 6.666666666666667, 7.0,
Chris Boucher, 12.5, 11, 7.0, 9.0,
Chris Boucher, 16.333333333333332, 11, 7.333333333333333, 20.0,
Chris Boucher, 22.0, 11, 4.333333333333333, 10.0,
Chris Boucher, 13.333333333333334, 11, 4.0, 21.0,
Chris Boucher, 22.666666666666668, 11, 4.333333333333333, 12.0,
Chris Boucher, 8.333333333333334, 11, 11.333333333333334, 3.0,
Chris Boucher, 12.0, 11, 5.0, 2.0,
Chris Boucher, 2.0, 11, 7.333333333333333, 0.0,
Chris Boucher, 16.0, 11, 5.666666666666667, 17.0,
Chris Boucher, 23.666666666666668, 11, 6.0, 12.0,
Chris Boucher, 11.5, 11, 8.0, 4.0,
Chris Boucher, 4.0, 11, 3.3333333333333335, 7.0,
Chris Boucher, 27.0, 11, 4.666666666666667, 24.0,
Chris Boucher, 17.333333333333332, 11, 7.666666666666667, 3.0,
Chris Boucher, 18.0, 11, 12.666666666666666, 21.0,
Chris Boucher, 11.0, 11, 5.333333333333333, 3.0,
Chris Boucher, 14.0, 11, 5.333333333333333, 0.0,
Chris Boucher, 10.5, 11, 7.333333333333333, 2.0,
Chris Boucher, 6.0, 11, 5.0, 18.0,
Gradey Dick, 18.333333333333332, 11, 6.666666666666667, 22.0,
Gradey Dick, 28.0, 11, 7.0, 20.0,
Gradey Dick, 35.666666666666664, 11, 7.333333333333333, 16.0,
Gradey Dick, 13.333333333333334, 11, 4.333333333333333, 21.0,
Gradey Dick, 14.666666666666666, 11, 4.0, 6.0,
Gradey Dick, 14.0, 11, 4.333333333333333, 0.0,
Gradey Dick, 0, 11, 11.333333333333334, 3.0,
Gradey Dick, 0, 11, 5.0, 12.0,
Gradey Dick, 18.0, 11, 7.333333333333333, 12.0,
Gradey Dick, 23.666666666666668, 11, 5.666666666666667, 14.0,
Gradey Dick, 22.666666666666668, 11, 6.0, 18.0,
Gradey Dick, 9.0, 11, 8.0, 24.0,
Gradey Dick, 19.666666666666668, 11, 3.3333333333333335, 1.0,
Gradey Dick, 8.333333333333334, 11, 4.666666666666667, 11.0,
Gradey Dick, 15.333333333333334, 11, 7.666666666666667, 5.0,
Gradey Dick, 13.666666666666666, 11, 12.666666666666666, 3.0,
Gradey Dick, 13.0, 11, 5.333333333333333, 3.0,
Gradey Dick, 24.0, 11, 5.333333333333333, 7.0,
Gradey Dick, 11.0, 11, 7.333333333333333, 28.0,
Gradey Dick, 17.666666666666668, 11, 5.0, 11.0,
Jaylen Brown, 33.666666666666664, 2, 8.0, -4.0,
Jaylen Brown, 27.0, 2, 7.666666666666667, 35.0,
Jaylen Brown, 35.0, 2, 9.666666666666666, 0.0,
Jaylen Brown, 16.0, 2, 8.333333333333334, 20.0,
Jaylen Brown, 34.333333333333336, 2, 8.0, 23.0,
Jaylen Brown, 32.666666666666664, 2, 8.666666666666666, 37.0,
Jaylen Brown, 25.5, 2, 6.666666666666667, 0.0,
Jaylen Brown, 38.0, 2, 6.333333333333333, 19.0,
Jaylen Brown, 27.333333333333332, 2, 10.0, 21.0,
Jaylen Brown, 22.333333333333332, 2, 9.666666666666666, 21.0,
Jaylen Brown, 43.0, 2, 6.333333333333333, 21.0,
Jaylen Brown, 28.5, 2, 3.0, 0.0,
Jaylen Brown, 23.0, 2, 9.0, 23.0,
Jaylen Brown, 26.333333333333332, 2, 8.666666666666666, 13.0,
Jaylen Brown, 28.333333333333332, 2, 5.0, 16.0,
Jaylen Brown, 25.666666666666668, 2, 7.0, 18.0,
Jaylen Brown, 31.666666666666668, 2, 9.333333333333334, 17.0,
Jaylen Brown, 35.5, 2, 7.666666666666667, 22.0,
Jaylen Brown, 24.666666666666668, 2, 9.666666666666666, 0.0,
Jaylen Brown, 28.0, 2, 6.0, 22.0,
JD Davison, -4.0, 2, 8.0, 0.0,
JD Davison, 0, 2, 7.666666666666667, 0.0,
JD Davison, 1.0, 2, 9.666666666666666, 0.0,
JD Davison, 0, 2, 8.333333333333334, 0.0,
JD Davison, 0, 2, 8.0, 0.0,
JD Davison, 0, 2, 8.666666666666666, 0.0,
JD Davison, 0, 2, 6.666666666666667, 0.0,
JD Davison, 1.0, 2, 6.333333333333333, 0.0,
JD Davison, 0.0, 2, 10.0, 0.0,
JD Davison, 0, 2, 9.666666666666666, 0.0,
JD Davison, 0, 2, 6.333333333333333, 0.0,
JD Davison, 0, 2, 3.0, 0.0,
JD Davison, 0, 2, 9.0, 0.0,
JD Davison, 0, 2, 8.666666666666666, 0.0,
JD Davison, 0, 2, 5.0, 0.0,
JD Davison, 0, 2, 7.0, 0.0,
JD Davison, 0, 2, 9.333333333333334, 0.0,
JD Davison, 0, 2, 7.666666666666667, 0.0,
JD Davison, 0, 2, 9.666666666666666, 0.0,
JD Davison, 0, 2, 6.0, 0.0,
Jrue Holiday, 18.0, 2, 8.0, 19.0,
Jrue Holiday, 17.5, 2, 7.666666666666667, 20.0,
Jrue Holiday, 21.0, 2, 9.666666666666666, 30.0,
Jrue Holiday, 22.0, 2, 8.333333333333334, 18.0,
Jrue Holiday, 28.5, 2, 8.0, 13.0,
Jrue Holiday, 26.333333333333332, 2, 8.666666666666666, 21.0,
Jrue Holiday, 19.0, 2, 6.666666666666667, 12.0,
Jrue Holiday, 12.0, 2, 6.333333333333333, 33.0,
Jrue Holiday, 30.333333333333332, 2, 10.0, 3.0,
Jrue Holiday, 17.333333333333332, 2, 9.666666666666666, 31.0,
Jrue Holiday, 31.0, 2, 6.333333333333333, 0.0,
Jrue Holiday, 36.0, 2, 3.0, 27.0,
Jrue Holiday, 24.666666666666668, 2, 9.0, 45.0,
Jrue Holiday, 29.666666666666668, 2, 8.666666666666666, 18.0,
Jrue Holiday, 19.333333333333332, 2, 5.0, 6.0,
Jrue Holiday, 9.5, 2, 7.0, 35.0,
Jrue Holiday, 22.333333333333332, 2, 9.333333333333334, 16.0,
Jrue Holiday, 19.5, 2, 7.666666666666667, 15.0,
Jrue Holiday, 15.0, 2, 9.666666666666666, 0.0,
Jrue Holiday, 12.0, 2, 6.0, 24.0,
Al Horford, 23.333333333333332, 2, 8.0, 17.0,
Al Horford, 20.5, 2, 7.666666666666667, 0.0,
Al Horford, 25.0, 2, 9.666666666666666, 13.0,
Al Horford, 23.0, 2, 8.333333333333334, 14.0,
Al Horford, 22.0, 2, 8.0, 32.0,
Al Horford, 31.0, 2, 8.666666666666666, 0.0,
Al Horford, 4.0, 2, 6.666666666666667, 27.0,
Al Horford, 23.0, 2, 6.333333333333333, 24.0,
Al Horford, 16.0, 2, 10.0, 0.0,
Al Horford, 15.5, 2, 9.666666666666666, 24.0,
Al Horford, 21.0, 2, 6.333333333333333, 16.0,
Al Horford, 11.0, 2, 3.0, 27.0,
Al Horford, 20.5, 2, 9.0, 31.0,
Al Horford, 19.666666666666668, 2, 8.666666666666666, 28.0,
Al Horford, 20.5, 2, 5.0, 18.0,
Al Horford, 13.0, 2, 7.0, 6.0,
Al Horford, 6.0, 2, 9.333333333333334, 8.0,
Al Horford, 7.5, 2, 7.666666666666667, 16.0,
Al Horford, 15.333333333333334, 2, 9.666666666666666, 24.0,
Al Horford, 24.0, 2, 6.0, 8.0,
Luke Kornet, 12.666666666666666, 2, 8.0, 7.0,
Luke Kornet, 12.0, 2, 7.666666666666667, 22.0,
Luke Kornet, 25.0, 2, 9.666666666666666, 7.0,
Luke Kornet, 4.0, 2, 8.333333333333334, 10.0,
Luke Kornet, 15.666666666666666, 2, 8.0, 0.0,
Luke Kornet, 19.0, 2, 8.666666666666666, 0.0,
Luke Kornet, 0, 2, 6.666666666666667, 15.0,
Luke Kornet, 28.333333333333332, 2, 6.333333333333333, 0.0,
Luke Kornet, 11.0, 2, 10.0, 14.0,
Luke Kornet, 12.333333333333334, 2, 9.666666666666666, 15.0,
Luke Kornet, 17.0, 2, 6.333333333333333, 20.0,
Luke Kornet, 13.5, 2, 3.0, 16.0,
Luke Kornet, 18.333333333333332, 2, 9.0, 15.0,
Luke Kornet, 15.666666666666666, 2, 8.666666666666666, 10.0,
Luke Kornet, 20.666666666666668, 2, 5.0, 25.0,
Luke Kornet, 13.666666666666666, 2, 7.0, 18.0,
Luke Kornet, 19.0, 2, 9.333333333333334, 18.0,
Luke Kornet, 15.5, 2, 7.666666666666667, 17.0,
Luke Kornet, 28.0, 2, 9.666666666666666, 9.0,
Luke Kornet, 16.333333333333332, 2, 6.0, 14.0,
Payton Pritchard, 17.0, 2, 8.0, 29.0,
Payton Pritchard, 36.0, 2, 7.666666666666667, 27.0,
Payton Pritchard, 26.0, 2, 9.666666666666666, 16.0,
Payton Pritchard, 19.0, 2, 8.333333333333334, 17.0,
Payton Pritchard, 24.666666666666668, 2, 8.0, 15.0,
Payton Pritchard, 19.666666666666668, 2, 8.666666666666666, 27.0,
Payton Pritchard, 39.5, 2, 6.666666666666667, 23.0,
Payton Pritchard, 34.333333333333336, 2, 6.333333333333333, 4.0,
Payton Pritchard, 27.666666666666668, 2, 10.0, 21.0,
Payton Pritchard, 25.333333333333332, 2, 9.666666666666666, 5.0,
Payton Pritchard, 20.333333333333332, 2, 6.333333333333333, 17.0,
Payton Pritchard, 33.0, 2, 3.0, 19.0,
Payton Pritchard, 17.0, 2, 9.0, 10.0,
Payton Pritchard, 12.666666666666666, 2, 8.666666666666666, 24.0,
Payton Pritchard, 21.0, 2, 5.0, 39.0,
Payton Pritchard, 18.0, 2, 7.0, 27.0,
Payton Pritchard, 31.666666666666668, 2, 9.333333333333334, 16.0,
Payton Pritchard, 16.0, 2, 7.666666666666667, 20.0,
Payton Pritchard, 30.666666666666668, 2, 9.666666666666666, 24.0,
Payton Pritchard, 27.333333333333332, 2, 6.0, 12.0,
Jayson Tatum, 51.333333333333336, 2, 8.0, 28.0,
Jayson Tatum, 39.0, 2, 7.666666666666667, 19.0,
Jayson Tatum, 40.0, 2, 9.666666666666666, 15.0,
Jayson Tatum, 38.666666666666664, 2, 8.333333333333334, 26.0,
Jayson Tatum, 45.333333333333336, 2, 8.0, 25.0,
Jayson Tatum, 39.666666666666664, 2, 8.666666666666666, 22.0,
Jayson Tatum, 43.5, 2, 6.666666666666667, 24.0,
Jayson Tatum, 30.0, 2, 6.333333333333333, 19.0,
Jayson Tatum, 38.5, 2, 10.0, 6.0,
Jayson Tatum, 46.666666666666664, 2, 9.666666666666666, 0.0,
Jayson Tatum, 49.0, 2, 6.333333333333333, 36.0,
Jayson Tatum, 36.5, 2, 3.0, 40.0,
Jayson Tatum, 38.666666666666664, 2, 9.0, 33.0,
Jayson Tatum, 31.333333333333332, 2, 8.666666666666666, 24.0,
Jayson Tatum, 39.666666666666664, 2, 5.0, 39.0,
Jayson Tatum, 35.333333333333336, 2, 7.0, 24.0,
Jayson Tatum, 23.0, 2, 9.333333333333334, 11.0,
Jayson Tatum, 50.5, 2, 7.666666666666667, 40.0,
Jayson Tatum, 34.666666666666664, 2, 9.666666666666666, 22.0,
Jayson Tatum, 41.666666666666664, 2, 6.0, 33.0,
Jordan Walsh, 1.0, 2, 8.0, 3.0,
Jordan Walsh, 2.0, 2, 7.666666666666667, 7.0,
Jordan Walsh, 6.666666666666667, 2, 9.666666666666666, 2.0,
Jordan Walsh, 3.5, 2, 8.333333333333334, -1.0,
Jordan Walsh, 4.666666666666667, 2, 8.0, 0.0,
Jordan Walsh, 4.0, 2, 8.666666666666666, 13.0,
Jordan Walsh, 13.0, 2, 6.666666666666667, 0.0,
Jordan Walsh, -1.0, 2, 6.333333333333333, 0.0,
Jordan Walsh, 9.0, 2, 10.0, 0.0,
Jordan Walsh, 0.6666666666666666, 2, 9.666666666666666, 0.0,
Jordan Walsh, 10.0, 2, 6.333333333333333, 7.0,
Jordan Walsh, 10.0, 2, 3.0, 3.0,
Jordan Walsh, -0.5, 2, 9.0, 0.0,
Jordan Walsh, 0, 2, 8.666666666666666, 0.0,
Jordan Walsh, 0.0, 2, 5.0, 12.0,
Jordan Walsh, 6.333333333333333, 2, 7.0, -3.0,
Jordan Walsh, -1.0, 2, 9.333333333333334, 0.0,
Jordan Walsh, 0, 2, 7.666666666666667, 0.0,
Jordan Walsh, 6.0, 2, 9.666666666666666, 0.0,
Jordan Walsh, 0.0, 2, 6.0, 0.0,
Derrick White, 34.0, 2, 8.0, 35.0,
Derrick White, 35.5, 2, 7.666666666666667, 30.0,
Derrick White, 32.666666666666664, 2, 9.666666666666666, 31.0,
Derrick White, 35.666666666666664, 2, 8.333333333333334, 19.0,
Derrick White, 27.333333333333332, 2, 8.0, 36.0,
Derrick White, 31.0, 2, 8.666666666666666, 38.0,
Derrick White, 36.0, 2, 6.666666666666667, 0.0,
Derrick White, 41.0, 2, 6.333333333333333, 34.0,
Derrick White, 33.0, 2, 10.0, 40.0,
Derrick White, 27.0, 2, 9.666666666666666, 26.0,
Derrick White, 24.666666666666668, 2, 6.333333333333333, 23.0,
Derrick White, 32.5, 2, 3.0, 26.0,
Derrick White, 30.0, 2, 9.0, 0.0,
Derrick White, 18.0, 2, 8.666666666666666, -3.0,
Derrick White, 13.333333333333334, 2, 5.0, 35.0,
Derrick White, 24.0, 2, 7.0, 20.0,
Derrick White, 31.5, 2, 9.333333333333334, 21.0,
Derrick White, 33.0, 2, 7.666666666666667, 29.0,
Derrick White, 29.666666666666668, 2, 9.666666666666666, 22.0,
Derrick White, 26.0, 2, 6.0, 44.0,
Malik Beasley, 15.333333333333334, 6, 2.3333333333333335, 6.0,
Malik Beasley, 5.0, 6, 8.666666666666666, 4.0,
Malik Beasley, 10.333333333333334, 6, 9.666666666666666, 25.0,
Malik Beasley, 16.666666666666668, 6, 6.666666666666667, 9.0,
Malik Beasley, 27.333333333333332, 6, 10.333333333333334, 17.0,
Malik Beasley, 26.0, 6, 10.0, 28.0,
Malik Beasley, 21.333333333333332, 6, 7.666666666666667, 18.0,
Malik Beasley, 34.0, 6, 6.666666666666667, 8.0,
Malik Beasley, 21.333333333333332, 6, 5.0, 9.0,
Malik Beasley, 24.666666666666668, 6, 9.666666666666666, 23.0,
Malik Beasley, 26.666666666666668, 6, 6.666666666666667, 14.0,
Malik Beasley, 4.5, 6, 10.666666666666666, 12.0,
Malik Beasley, 17.0, 6, 10.0, 28.0,
Malik Beasley, 26.0, 6, 6.0, 20.0,
Malik Beasley, 14.333333333333334, 6, 5.666666666666667, 19.0,
Malik Beasley, 20.0, 6, 5.0, 28.0,
Malik Beasley, 22.0, 6, 6.0, 3.0,
Malik Beasley, 35.5, 6, 12.0, -1.0,
Malik Beasley, 19.0, 6, 10.0, 24.0,
Malik Beasley, 27.333333333333332, 6, 3.6666666666666665, 27.0,
Cade Cunningham, 33.666666666666664, 6, 2.3333333333333335, 31.0,
Cade Cunningham, 37.0, 6, 8.666666666666666, 17.0,
Cade Cunningham, 27.666666666666668, 6, 9.666666666666666, 5.0,
Cade Cunningham, 38.0, 6, 6.666666666666667, 24.0,
Cade Cunningham, 37.333333333333336, 6, 10.333333333333334, 29.0,
Cade Cunningham, 44.666666666666664, 6, 10.0, 0.0,
Cade Cunningham, 0, 6, 7.666666666666667, 7.0,
Cade Cunningham, 43.0, 6, 6.666666666666667, 19.0,
Cade Cunningham, 46.666666666666664, 6, 5.0, 36.0,
Cade Cunningham, 45.666666666666664, 6, 9.666666666666666, 27.0,
Cade Cunningham, 38.666666666666664, 6, 6.666666666666667, 19.0,
Cade Cunningham, 27.0, 6, 10.666666666666666, 38.0,
Cade Cunningham, 42.666666666666664, 6, 10.0, 19.0,
Cade Cunningham, 42.0, 6, 6.0, 19.0,
Cade Cunningham, 28.333333333333332, 6, 5.666666666666667, 36.0,
Cade Cunningham, 41.0, 6, 5.0, 18.0,
Cade Cunningham, 33.666666666666664, 6, 6.0, 3.0,
Cade Cunningham, 44.5, 6, 12.0, 44.0,
Cade Cunningham, 52.0, 6, 10.0, 31.0,
Cade Cunningham, 37.666666666666664, 6, 3.6666666666666665, 40.0,
Jalen Duren, 27.666666666666668, 6, 2.3333333333333335, 18.0,
Jalen Duren, 19.0, 6, 8.666666666666666, 13.0,
Jalen Duren, 29.0, 6, 9.666666666666666, 4.0,
Jalen Duren, 4.0, 6, 6.666666666666667, 23.0,
Jalen Duren, 23.666666666666668, 6, 10.333333333333334, 1.0,
Jalen Duren, 26.0, 6, 10.0, 7.0,
Jalen Duren, 20.666666666666668, 6, 7.666666666666667, 20.0,
Jalen Duren, 19.0, 6, 6.666666666666667, 21.0,
Jalen Duren, 17.0, 6, 5.0, 0.0,
Jalen Duren, 24.5, 6, 9.666666666666666, 8.0,
Jalen Duren, 29.0, 6, 6.666666666666667, 7.0,
Jalen Duren, 24.0, 6, 10.666666666666666, 12.0,
Jalen Duren, 27.0, 6, 10.0, 33.0,
Jalen Duren, 30.333333333333332, 6, 6.0, 13.0,
Jalen Duren, 28.0, 6, 5.666666666666667, 36.0,
Jalen Duren, 33.666666666666664, 6, 5.0, 24.0,
Jalen Duren, 34.0, 6, 6.0, 3.0,
Jalen Duren, 36.0, 6, 12.0, 11.0,
Jalen Duren, 30.666666666666668, 6, 10.0, 17.0,
Jalen Duren, 41.333333333333336, 6, 3.6666666666666665, 22.0,
Tim Hardaway Jr., 14.333333333333334, 6, 2.3333333333333335, 9.0,
Tim Hardaway Jr., 19.0, 6, 8.666666666666666, 9.0,
Tim Hardaway Jr., 15.333333333333334, 6, 9.666666666666666, 18.0,
Tim Hardaway Jr., 19.333333333333332, 6, 6.666666666666667, 3.0,
Tim Hardaway Jr., 12.0, 6, 10.333333333333334, 0.0,
Tim Hardaway Jr., 0.0, 6, 10.0, 1.0,
Tim Hardaway Jr., 8.0, 6, 7.666666666666667, 0.0,
Tim Hardaway Jr., 1.5, 6, 6.666666666666667, 17.0,
Tim Hardaway Jr., 10.333333333333334, 6, 5.0, 17.0,
Tim Hardaway Jr., 14.666666666666666, 6, 9.666666666666666, 25.0,
Tim Hardaway Jr., 15.666666666666666, 6, 6.666666666666667, 11.0,
Tim Hardaway Jr., 10.5, 6, 10.666666666666666, 15.0,
Tim Hardaway Jr., 17.0, 6, 10.0, 4.0,
Tim Hardaway Jr., 26.5, 6, 6.0, 13.0,
Tim Hardaway Jr., 13.333333333333334, 6, 5.666666666666667, 7.0,
Tim Hardaway Jr., 17.0, 6, 5.0, 16.0,
Tim Hardaway Jr., 9.666666666666666, 6, 6.0, 3.0,
Tim Hardaway Jr., 13.0, 6, 12.0, 16.0,
Tim Hardaway Jr., 19.333333333333332, 6, 10.0, 4.0,
Tim Hardaway Jr., 8.333333333333334, 6, 3.6666666666666665, 26.0,
Tobias Harris, 18.666666666666668, 6, 2.3333333333333335, 18.0,
Tobias Harris, 22.0, 6, 8.666666666666666, 26.0,
Tobias Harris, 28.333333333333332, 6, 9.666666666666666, 27.0,
Tobias Harris, 33.333333333333336, 6, 6.666666666666667, 27.0,
Tobias Harris, 25.0, 6, 10.333333333333334, 24.0,
Tobias Harris, 23.666666666666668, 6, 10.0, 10.0,
Tobias Harris, 13.0, 6, 7.666666666666667, 19.0,
Tobias Harris, 17.5, 6, 6.666666666666667, 38.0,
Tobias Harris, 33.0, 6, 5.0, 19.0,
Tobias Harris, 19.0, 6, 9.666666666666666, 8.0,
Tobias Harris, 15.333333333333334, 6, 6.666666666666667, 8.0,
Tobias Harris, 19.0, 6, 10.666666666666666, 29.0,
Tobias Harris, 32.333333333333336, 6, 10.0, 24.0,
Tobias Harris, 25.333333333333332, 6, 6.0, 29.0,
Tobias Harris, 25.666666666666668, 6, 5.666666666666667, 17.0,
Tobias Harris, 12.0, 6, 5.0, -2.0,
Tobias Harris, 19.0, 6, 6.0, 3.0,
Tobias Harris, 33.0, 6, 12.0, 12.0,
Tobias Harris, 21.333333333333332, 6, 10.0, 32.0,
Tobias Harris, 33.333333333333336, 6, 3.6666666666666665, 17.0,
Jaden Ivey, 27.666666666666668, 6, 2.3333333333333335, 18.0,
Jaden Ivey, 22.5, 6, 8.666666666666666, -1.0,
Jaden Ivey, 19.333333333333332, 6, 9.666666666666666, 19.0,
Jaden Ivey, 16.666666666666668, 6, 6.666666666666667, 31.0,
Jaden Ivey, 27.0, 6, 10.333333333333334, 23.0,
Jaden Ivey, 24.666666666666668, 6, 10.0, 29.0,
Jaden Ivey, 25.0, 6, 7.666666666666667, 27.0,
Jaden Ivey, 28.5, 6, 6.666666666666667, 27.0,
Jaden Ivey, 13.666666666666666, 6, 5.0, 12.0,
Jaden Ivey, 12.0, 6, 9.666666666666666, 34.0,
Jaden Ivey, 28.666666666666668, 6, 6.666666666666667, 7.0,
Jaden Ivey, 21.0, 6, 10.666666666666666, 0.0,
Jaden Ivey, 0, 6, 10.0, 0.0,
Jaden Ivey, 0, 6, 6.0, 0.0,
Jaden Ivey, 0, 6, 5.666666666666667, 0.0,
Jaden Ivey, 0, 6, 5.0, 0.0,
Jaden Ivey, 0, 6, 6.0, 3.0,
Jaden Ivey, 0, 6, 12.0, 0.0,
Jaden Ivey, 0, 6, 10.0, 0.0,
Jaden Ivey, 0, 6, 3.6666666666666665, 0.0,
Paul Reed, -1.0, 6, 2.3333333333333335, 0.0,
Paul Reed, 0, 6, 8.666666666666666, 18.0,
Paul Reed, 18.0, 6, 9.666666666666666, 15.0,
Paul Reed, 13.666666666666666, 6, 6.666666666666667, 0.0,
Paul Reed, 0.0, 6, 10.333333333333334, 0.0,
Paul Reed, 0.0, 6, 10.0, 6.0,
Paul Reed, 11.5, 6, 7.666666666666667, 0.0,
Paul Reed, 18.0, 6, 6.666666666666667, 9.0,
Paul Reed, 9.0, 6, 5.0, 18.0,
Paul Reed, 18.666666666666668, 6, 9.666666666666666, 24.0,
Paul Reed, 27.666666666666668, 6, 6.666666666666667, 29.0,
Paul Reed, 29.0, 6, 10.666666666666666, 12.0,
Paul Reed, 5.5, 6, 10.0, 6.0,
Paul Reed, 6.0, 6, 6.0, 0.0,
Paul Reed, 16.0, 6, 5.666666666666667, 0.0,
Paul Reed, 2.5, 6, 5.0, 6.0,
Paul Reed, 9.666666666666666, 6, 6.0, 3.0,
Paul Reed, 0, 6, 12.0, 21.0,
Paul Reed, 16.0, 6, 10.0, 16.0,
Paul Reed, 10.0, 6, 3.6666666666666665, 0.0,
Ausar Thompson, 0, 6, 2.3333333333333335, 0.0,
Ausar Thompson, 0, 6, 8.666666666666666, 0.0,
Ausar Thompson, 0, 6, 9.666666666666666, 0.0,
Ausar Thompson, 0, 6, 6.666666666666667, 0.0,
Ausar Thompson, 0, 6, 10.333333333333334, 0.0,
Ausar Thompson, 0, 6, 10.0, 0.0,
Ausar Thompson, 9.5, 6, 7.666666666666667, 11.0,
Ausar Thompson, 13.5, 6, 6.666666666666667, 13.0,
Ausar Thompson, 13.0, 6, 5.0, 1.0,
Ausar Thompson, 18.0, 6, 9.666666666666666, 10.0,
Ausar Thompson, 10.666666666666666, 6, 6.666666666666667, 13.0,
Ausar Thompson, 18.5, 6, 10.666666666666666, 2.0,
Ausar Thompson, 24.0, 6, 10.0, 0.0,
Ausar Thompson, 26.0, 6, 6.0, 15.0,
Ausar Thompson, 15.333333333333334, 6, 5.666666666666667, 10.0,
Ausar Thompson, 25.333333333333332, 6, 5.0, 10.0,
Ausar Thompson, 14.666666666666666, 6, 6.0, 3.0,
Ausar Thompson, 27.0, 6, 12.0, 27.0,
Ausar Thompson, 30.0, 6, 10.0, 37.0,
Ausar Thompson, 32.333333333333336, 6, 3.6666666666666665, 15.0,
Simone Fontecchio, 3.6666666666666665, 6, 2.3333333333333335, 7.0,
Simone Fontecchio, 7.0, 6, 8.666666666666666, 2.0,
Simone Fontecchio, 9.333333333333334, 6, 9.666666666666666, 14.0,
Simone Fontecchio, 14.0, 6, 6.666666666666667, 3.0,
Simone Fontecchio, 12.0, 6, 10.333333333333334, 11.0,
Simone Fontecchio, 10.333333333333334, 6, 10.0, 8.0,
Simone Fontecchio, 10.0, 6, 7.666666666666667, 12.0,
Simone Fontecchio, 10.5, 6, 6.666666666666667, 13.0,
Simone Fontecchio, 9.666666666666666, 6, 5.0, 4.0,
Simone Fontecchio, 7.666666666666667, 6, 9.666666666666666, 3.0,
Simone Fontecchio, 11.0, 6, 6.666666666666667, 5.0,
Simone Fontecchio, 5.0, 6, 10.666666666666666, 0.0,
Simone Fontecchio, 12.0, 6, 10.0, 27.0,
Simone Fontecchio, 12.333333333333334, 6, 6.0, 1.0,
Simone Fontecchio, 4.0, 6, 5.666666666666667, 0.0,
Simone Fontecchio, 8.333333333333334, 6, 5.0, 5.0,
Simone Fontecchio, 12.333333333333334, 6, 6.0, 3.0,
Simone Fontecchio, 9.0, 6, 12.0, 2.0,
Simone Fontecchio, 7.333333333333333, 6, 10.0, 10.0,
Simone Fontecchio, 10.0, 6, 3.6666666666666665, 1.0,
Johnny Furphy, -3.0, 4, 7.333333333333333, 0.0,
Johnny Furphy, 0, 4, 7.666666666666667, 0.0,
Johnny Furphy, 0, 4, 10.333333333333334, 0.0,
Johnny Furphy, 2.3333333333333335, 4, 6.666666666666667, 4.0,
Johnny Furphy, 2.5, 4, 7.666666666666667, 4.0,
Johnny Furphy, 8.333333333333334, 4, 11.333333333333334, 0.0,
Johnny Furphy, 8.0, 4, 8.666666666666666, 3.0,
Johnny Furphy, 5.0, 4, 10.666666666666666, 11.0,
Johnny Furphy, 11.666666666666666, 4, 13.666666666666666, 10.0,
Johnny Furphy, 7.5, 4, 9.0, 5.0,
Johnny Furphy, 5.0, 4, 1.6666666666666667, 10.0,
Johnny Furphy, 5.0, 4, 8.666666666666666, 3.0,
Johnny Furphy, 0.0, 4, 9.333333333333334, 2.0,
Johnny Furphy, 0.6666666666666666, 4, 2.6666666666666665, 2.0,
Johnny Furphy, 1.0, 4, 13.0, 0.0,
Johnny Furphy, 1.3333333333333333, 4, 9.666666666666666, 4.0,
Johnny Furphy, 4.0, 4, 6.666666666666667, 0.0,
Johnny Furphy, 0.0, 4, 8.666666666666666, 0.0,
Johnny Furphy, 7.5, 4, 6.666666666666667, 0.0,
Johnny Furphy, 0.0, 4, 7.0, 4.0,
Tyrese Haliburton, 18.333333333333332, 4, 7.333333333333333, 26.0,
Tyrese Haliburton, 43.5, 4, 7.666666666666667, -1.0,
Tyrese Haliburton, 36.0, 4, 10.333333333333334, 35.0,
Tyrese Haliburton, 35.0, 4, 6.666666666666667, 35.0,
Tyrese Haliburton, 41.333333333333336, 4, 7.666666666666667, 16.0,
Tyrese Haliburton, 28.666666666666668, 4, 11.333333333333334, 33.0,
Tyrese Haliburton, 49.333333333333336, 4, 8.666666666666666, 3.0,
Tyrese Haliburton, 30.0, 4, 10.666666666666666, 38.0,
Tyrese Haliburton, 36.666666666666664, 4, 13.666666666666666, 21.0,
Tyrese Haliburton, 48.0, 4, 9.0, 32.0,
Tyrese Haliburton, 32.333333333333336, 4, 1.6666666666666667, 33.0,
Tyrese Haliburton, 37.666666666666664, 4, 8.666666666666666, 3.0,
Tyrese Haliburton, 64.5, 4, 9.333333333333334, 31.0,
Tyrese Haliburton, 45.333333333333336, 4, 2.6666666666666665, 15.0,
Tyrese Haliburton, 27.0, 4, 13.0, 25.0,
Tyrese Haliburton, 31.666666666666668, 4, 9.666666666666666, 22.0,
Tyrese Haliburton, 46.5, 4, 6.666666666666667, 40.0,
Tyrese Haliburton, 34.666666666666664, 4, 8.666666666666666, 45.0,
Tyrese Haliburton, 32.666666666666664, 4, 6.666666666666667, 38.0,
Tyrese Haliburton, 56.666666666666664, 4, 7.0, 35.0,
T.J. McConnell, 18.666666666666668, 4, 7.333333333333333, -1.0,
T.J. McConnell, 6.5, 4, 7.666666666666667, 18.0,
T.J. McConnell, 23.333333333333332, 4, 10.333333333333334, 0.0,
T.J. McConnell, 13.0, 4, 6.666666666666667, 18.0,
T.J. McConnell, 25.666666666666668, 4, 7.666666666666667, 27.0,
T.J. McConnell, 27.666666666666668, 4, 11.333333333333334, 20.0,
T.J. McConnell, 17.666666666666668, 4, 8.666666666666666, 3.0,
T.J. McConnell, 20.0, 4, 10.666666666666666, 10.0,
T.J. McConnell, 32.666666666666664, 4, 13.666666666666666, 22.0,
T.J. McConnell, 19.666666666666668, 4, 9.0, 18.0,
T.J. McConnell, 25.0, 4, 1.6666666666666667, 14.0,
T.J. McConnell, 8.666666666666666, 4, 8.666666666666666, 3.0,
T.J. McConnell, 13.0, 4, 9.333333333333334, 20.0,
T.J. McConnell, 20.666666666666668, 4, 2.6666666666666665, 18.0,
T.J. McConnell, 20.666666666666668, 4, 13.0, 17.0,
T.J. McConnell, 22.0, 4, 9.666666666666666, 24.0,
T.J. McConnell, 18.5, 4, 6.666666666666667, 21.0,
T.J. McConnell, 20.0, 4, 8.666666666666666, 1.0,
T.J. McConnell, 16.333333333333332, 4, 6.666666666666667, 23.0,
T.J. McConnell, 21.5, 4, 7.0, 0.0,
Andrew Nembhard, 15.0, 4, 7.333333333333333, 23.0,
Andrew Nembhard, 14.5, 4, 7.666666666666667, 0.0,
Andrew Nembhard, 15.0, 4, 10.333333333333334, 0.0,
Andrew Nembhard, 0, 4, 6.666666666666667, 0.0,
Andrew Nembhard, 0, 4, 7.666666666666667, 0.0,
Andrew Nembhard, 0, 4, 11.333333333333334, 0.0,
Andrew Nembhard, 0, 4, 8.666666666666666, 3.0,
Andrew Nembhard, 19.5, 4, 10.666666666666666, 0.0,
Andrew Nembhard, 21.5, 4, 13.666666666666666, 16.0,
Andrew Nembhard, 21.0, 4, 9.0, 17.0,
Andrew Nembhard, 25.333333333333332, 4, 1.6666666666666667, 0.0,
Andrew Nembhard, 20.5, 4, 8.666666666666666, 3.0,
Andrew Nembhard, 25.5, 4, 9.333333333333334, 20.0,
Andrew Nembhard, 20.333333333333332, 4, 2.6666666666666665, 28.0,
Andrew Nembhard, 27.333333333333332, 4, 13.0, 8.0,
Andrew Nembhard, 30.666666666666668, 4, 9.666666666666666, 0.0,
Andrew Nembhard, 29.0, 4, 6.666666666666667, 27.0,
Andrew Nembhard, 24.0, 4, 8.666666666666666, 5.0,
Andrew Nembhard, 12.666666666666666, 4, 6.666666666666667, 15.0,
Andrew Nembhard, 16.333333333333332, 4, 7.0, 0.0,
Pascal Siakam, 30.0, 4, 7.333333333333333, 22.0,
Pascal Siakam, 40.0, 4, 7.666666666666667, 33.0,
Pascal Siakam, 27.666666666666668, 4, 10.333333333333334, 24.0,
Pascal Siakam, 31.666666666666668, 4, 6.666666666666667, 14.0,
Pascal Siakam, 28.0, 4, 7.666666666666667, 12.0,
Pascal Siakam, 28.333333333333332, 4, 11.333333333333334, 25.0,
Pascal Siakam, 34.333333333333336, 4, 8.666666666666666, 3.0,
Pascal Siakam, 21.0, 4, 10.666666666666666, 20.0,
Pascal Siakam, 22.666666666666668, 4, 13.666666666666666, 30.0,
Pascal Siakam, 38.666666666666664, 4, 9.0, 19.0,
Pascal Siakam, 28.666666666666668, 4, 1.6666666666666667, 23.0,
Pascal Siakam, 31.0, 4, 8.666666666666666, 3.0,
Pascal Siakam, 25.5, 4, 9.333333333333334, 20.0,
Pascal Siakam, 26.666666666666668, 4, 2.6666666666666665, 37.0,
Pascal Siakam, 38.666666666666664, 4, 13.0, 36.0,
Pascal Siakam, 38.0, 4, 9.666666666666666, 32.0,
Pascal Siakam, 42.0, 4, 6.666666666666667, 29.0,
Pascal Siakam, 37.0, 4, 8.666666666666666, 27.0,
Pascal Siakam, 32.666666666666664, 4, 6.666666666666667, 15.0,
Pascal Siakam, 17.666666666666668, 4, 7.0, 17.0,
Ben Sheppard, 7.0, 4, 7.333333333333333, 8.0,
Ben Sheppard, 14.5, 4, 7.666666666666667, 17.0,
Ben Sheppard, 12.0, 4, 10.333333333333334, 9.0,
Ben Sheppard, 8.666666666666666, 4, 6.666666666666667, 26.0,
Ben Sheppard, 16.5, 4, 7.666666666666667, 0.0,
Ben Sheppard, 0, 4, 11.333333333333334, 0.0,
Ben Sheppard, 0, 4, 8.666666666666666, 3.0,
Ben Sheppard, 0, 4, 10.666666666666666, 0.0,
Ben Sheppard, 0, 4, 13.666666666666666, 0.0,
Ben Sheppard, 9.0, 4, 9.0, 10.0,
Ben Sheppard, 10.333333333333334, 4, 1.6666666666666667, 0.0,
Ben Sheppard, 9.666666666666666, 4, 8.666666666666666, 3.0,
Ben Sheppard, 17.5, 4, 9.333333333333334, -1.0,
Ben Sheppard, 5.333333333333333, 4, 2.6666666666666665, 18.0,
Ben Sheppard, 12.666666666666666, 4, 13.0, 10.0,
Ben Sheppard, 8.333333333333334, 4, 9.666666666666666, 17.0,
Ben Sheppard, 22.0, 4, 6.666666666666667, 17.0,
Ben Sheppard, 20.666666666666668, 4, 8.666666666666666, 18.0,
Ben Sheppard, 19.0, 4, 6.666666666666667, 6.0,
Ben Sheppard, 10.0, 4, 7.0, 15.0,
Obi Toppin, 16.666666666666668, 4, 7.333333333333333, 6.0,
Obi Toppin, 21.5, 4, 7.666666666666667, 6.0,
Obi Toppin, 10.0, 4, 10.333333333333334, 5.0,
Obi Toppin, 9.5, 4, 6.666666666666667, 14.0,
Obi Toppin, 25.0, 4, 7.666666666666667, 3.0,
Obi Toppin, 14.333333333333334, 4, 11.333333333333334, 9.0,
Obi Toppin, 10.333333333333334, 4, 8.666666666666666, 3.0,
Obi Toppin, 24.5, 4, 10.666666666666666, 27.0,
Obi Toppin, 27.333333333333332, 4, 13.666666666666666, 35.0,
Obi Toppin, 36.666666666666664, 4, 9.0, 7.0,
Obi Toppin, 15.0, 4, 1.6666666666666667, 0.0,
Obi Toppin, 8.0, 4, 8.666666666666666, 3.0,
Obi Toppin, 18.0, 4, 9.333333333333334, 4.0,
Obi Toppin, 14.0, 4, 2.6666666666666665, 21.0,
Obi Toppin, 16.333333333333332, 4, 13.0, 7.0,
Obi Toppin, 13.0, 4, 9.666666666666666, 1.0,
Obi Toppin, 12.5, 4, 6.666666666666667, 12.0,
Obi Toppin, 9.666666666666666, 4, 8.666666666666666, 10.0,
Obi Toppin, 26.333333333333332, 4, 6.666666666666667, 3.0,
Obi Toppin, 16.666666666666668, 4, 7.0, 9.0,
Myles Turner, 28.666666666666668, 4, 7.333333333333333, 11.0,
Myles Turner, 11.0, 4, 7.666666666666667, 11.0,
Myles Turner, 26.666666666666668, 4, 10.333333333333334, 11.0,
Myles Turner, 27.333333333333332, 4, 6.666666666666667, 20.0,
Myles Turner, 33.5, 4, 7.666666666666667, 21.0,
Myles Turner, 28.0, 4, 11.333333333333334, 26.0,
Myles Turner, 26.333333333333332, 4, 8.666666666666666, 3.0,
Myles Turner, 24.5, 4, 10.666666666666666, 24.0,
Myles Turner, 27.666666666666668, 4, 13.666666666666666, 13.0,
Myles Turner, 30.333333333333332, 4, 9.0, 25.0,
Myles Turner, 35.666666666666664, 4, 1.6666666666666667, 3.0,
Myles Turner, 17.0, 4, 8.666666666666666, 3.0,
Myles Turner, 37.0, 4, 9.333333333333334, 29.0,
Myles Turner, 34.0, 4, 2.6666666666666665, 13.0,
Myles Turner, 29.666666666666668, 4, 13.0, 18.0,
Myles Turner, 21.666666666666668, 4, 9.666666666666666, 23.0,
Myles Turner, 27.5, 4, 6.666666666666667, 0.0,
Myles Turner, 1.5, 4, 8.666666666666666, 0.0,
Myles Turner, 0, 4, 6.666666666666667, 46.0,
Myles Turner, 39.666666666666664, 4, 7.0, 24.0,
Domantas Sabonis, 42.666666666666664, 9, 7.0, 9.0,
Domantas Sabonis, 32.5, 9, 11.333333333333334, 13.0,
Domantas Sabonis, 47.666666666666664, 9, 8.666666666666666, 25.0,
Domantas Sabonis, 34.333333333333336, 9, 11.666666666666666, 13.0,
Domantas Sabonis, 36.5, 9, 9.666666666666666, 0.0,
Domantas Sabonis, 36.5, 9, 6.0, 22.0,
Domantas Sabonis, 44.666666666666664, 9, 10.333333333333334, 3.0,
Domantas Sabonis, 33.0, 9, 7.666666666666667, 24.0,
Domantas Sabonis, 39.0, 9, 11.0, 16.0,
Domantas Sabonis, 54.333333333333336, 9, 3.3333333333333335, 31.0,
Domantas Sabonis, 35.5, 9, 6.333333333333333, 24.0,
Domantas Sabonis, 35.5, 9, 9.333333333333334, 13.0,
Domantas Sabonis, 40.0, 9, 7.0, 20.0,
Domantas Sabonis, 51.333333333333336, 9, 7.333333333333333, 21.0,
Domantas Sabonis, 41.666666666666664, 9, 4.666666666666667, 24.0,
Domantas Sabonis, 44.333333333333336, 9, 8.666666666666666, 1.0,
Domantas Sabonis, 45.0, 9, 8.333333333333334, 28.0,
Domantas Sabonis, 26.333333333333332, 9, 12.666666666666666, 10.0,
Domantas Sabonis, 31.666666666666668, 9, 11.666666666666666, 33.0,
Domantas Sabonis, 41.333333333333336, 9, 9.0, 9.0,
Malik Monk, 23.333333333333332, 9, 7.0, 20.0,
Malik Monk, 13.5, 9, 11.333333333333334, 26.0,
Malik Monk, 19.666666666666668, 9, 8.666666666666666, 31.0,
Malik Monk, 21.0, 9, 11.666666666666666, 0.0,
Malik Monk, 0, 9, 9.666666666666666, 0.0,
Malik Monk, 0, 9, 6.0, 19.0,
Malik Monk, 38.0, 9, 10.333333333333334, 3.0,
Malik Monk, 43.0, 9, 7.666666666666667, 20.0,
Malik Monk, 26.666666666666668, 9, 11.0, 31.0,
Malik Monk, 31.333333333333332, 9, 3.3333333333333335, 24.0,
Malik Monk, 13.333333333333334, 9, 6.333333333333333, 23.0,
Malik Monk, 23.5, 9, 9.333333333333334, 18.0,
Malik Monk, 44.666666666666664, 9, 7.0, 29.0,
Malik Monk, 34.333333333333336, 9, 7.333333333333333, 0.0,
Malik Monk, 37.5, 9, 4.666666666666667, 37.0,
Malik Monk, 37.666666666666664, 9, 8.666666666666666, 33.0,
Malik Monk, 32.5, 9, 8.333333333333334, 35.0,
Malik Monk, 26.666666666666668, 9, 12.666666666666666, 31.0,
Malik Monk, 26.0, 9, 11.666666666666666, 28.0,
Malik Monk, 28.333333333333332, 9, 9.0, 14.0,
Trey Lyles, 8.666666666666666, 9, 7.0, 26.0,
Trey Lyles, 20.5, 9, 11.333333333333334, 5.0,
Trey Lyles, 3.3333333333333335, 9, 8.666666666666666, -1.0,
Trey Lyles, 10.666666666666666, 9, 11.666666666666666, 16.0,
Trey Lyles, 21.0, 9, 9.666666666666666, 20.0,
Trey Lyles, 15.0, 9, 6.0, 10.0,
Trey Lyles, 10.0, 9, 10.333333333333334, 3.0,
Trey Lyles, 0, 9, 7.666666666666667, 0.0,
Trey Lyles, 0, 9, 11.0, 0.0,
Trey Lyles, 0, 9, 3.3333333333333335, 8.0,
Trey Lyles, 14.666666666666666, 9, 6.333333333333333, 3.0,
Trey Lyles, 13.0, 9, 9.333333333333334, 17.0,
Trey Lyles, 28.333333333333332, 9, 7.0, 6.0,
Trey Lyles, 16.0, 9, 7.333333333333333, 5.0,
Trey Lyles, 6.333333333333333, 9, 4.666666666666667, 16.0,
Trey Lyles, 14.333333333333334, 9, 8.666666666666666, 12.0,
Trey Lyles, 12.0, 9, 8.333333333333334, 3.0,
Trey Lyles, 16.0, 9, 12.666666666666666, 8.0,
Trey Lyles, 5.666666666666667, 9, 11.666666666666666, -3.0,
Trey Lyles, 3.6666666666666665, 9, 9.0, 20.0,
Keon Ellis, 10.5, 9, 7.0, 28.0,
Keon Ellis, 25.0, 9, 11.333333333333334, 23.0,
Keon Ellis, 22.0, 9, 8.666666666666666, 3.0,
Keon Ellis, 6.333333333333333, 9, 11.666666666666666, 13.0,
Keon Ellis, 7.333333333333333, 9, 9.666666666666666, 29.0,
Keon Ellis, 24.0, 9, 6.0, 20.0,
Keon Ellis, 18.333333333333332, 9, 10.333333333333334, 3.0,
Keon Ellis, 12.0, 9, 7.666666666666667, 0.0,
Keon Ellis, 18.666666666666668, 9, 11.0, 6.0,
Keon Ellis, 19.0, 9, 3.3333333333333335, 14.0,
Keon Ellis, 6.333333333333333, 9, 6.333333333333333, 16.0,
Keon Ellis, 18.0, 9, 9.333333333333334, 36.0,
Keon Ellis, 29.0, 9, 7.0, 40.0,
Keon Ellis, 26.0, 9, 7.333333333333333, 27.0,
Keon Ellis, 21.333333333333332, 9, 4.666666666666667, 24.0,
Keon Ellis, 21.0, 9, 8.666666666666666, 23.0,
Keon Ellis, 20.5, 9, 8.333333333333334, 9.0,
Keon Ellis, 22.333333333333332, 9, 12.666666666666666, 13.0,
Keon Ellis, 19.666666666666668, 9, 11.666666666666666, 29.0,
Keon Ellis, 21.0, 9, 9.0, 8.0,
De'Aaron Fox, 33.666666666666664, 9, 7.0, 28.0,
De'Aaron Fox, 37.0, 9, 11.333333333333334, 35.0,
De'Aaron Fox, 23.666666666666668, 9, 8.666666666666666, -1.0,
De'Aaron Fox, 27.333333333333332, 9, 11.666666666666666, 18.0,
De'Aaron Fox, 60.333333333333336, 9, 9.666666666666666, 24.0,
De'Aaron Fox, 36.333333333333336, 9, 6.0, 13.0,
De'Aaron Fox, 22.0, 9, 10.333333333333334, 3.0,
De'Aaron Fox, 45.0, 9, 7.666666666666667, 39.0,
De'Aaron Fox, 34.333333333333336, 9, 11.0, 35.0,
De'Aaron Fox, 31.333333333333332, 9, 3.3333333333333335, 17.0,
De'Aaron Fox, 34.666666666666664, 9, 6.333333333333333, 30.0,
De'Aaron Fox, 51.0, 9, 9.333333333333334, 15.0,
De'Aaron Fox, 36.0, 9, 7.0, 0.0,
De'Aaron Fox, 37.0, 9, 7.333333333333333, 22.0,
De'Aaron Fox, 38.333333333333336, 9, 4.666666666666667, 24.0,
De'Aaron Fox, 21.0, 9, 8.666666666666666, 14.0,
De'Aaron Fox, 33.5, 9, 10.0, 20.0,
De'Aaron Fox, 42.5, 9, 8.0, 35.0,
De'Aaron Fox, 32.666666666666664, 9, 10.333333333333334, 6.0,
De'Aaron Fox, 41.0, 9, 8.0, 17.0,
DeMar Derozan, 31.666666666666668, 9, 7.0, 31.0,
DeMar Derozan, 42.5, 9, 11.333333333333334, 13.0,
DeMar Derozan, 32.0, 9, 8.666666666666666, 22.0,
DeMar Derozan, 33.333333333333336, 9, 11.666666666666666, 20.0,
DeMar Derozan, 20.0, 9, 9.666666666666666, 0.0,
DeMar Derozan, 13.5, 9, 6.0, 22.0,
DeMar Derozan, 40.0, 9, 10.333333333333334, 3.0,
DeMar Derozan, 37.5, 9, 7.666666666666667, 13.0,
DeMar Derozan, 25.0, 9, 11.0, 33.0,
DeMar Derozan, 26.333333333333332, 9, 3.3333333333333335, 21.0,
DeMar Derozan, 14.666666666666666, 9, 6.333333333333333, 24.0,
DeMar Derozan, 28.0, 9, 9.333333333333334, 24.0,
DeMar Derozan, 21.666666666666668, 9, 7.0, 8.0,
DeMar Derozan, 26.333333333333332, 9, 7.333333333333333, 29.0,
DeMar Derozan, 34.0, 9, 4.666666666666667, 30.0,
DeMar Derozan, 31.333333333333332, 9, 8.666666666666666, 15.0,
DeMar Derozan, 18.0, 9, 8.333333333333334, 9.0,
DeMar Derozan, 21.666666666666668, 9, 12.666666666666666, 40.0,
DeMar Derozan, 37.666666666666664, 9, 11.666666666666666, 21.0,
DeMar Derozan, 35.333333333333336, 9, 9.0, 27.0,
Ayo Dosunmu, 10.333333333333334, 9, 6.666666666666667, 19.0,
Ayo Dosunmu, 26.5, 9, 9.0, 11.0,
Ayo Dosunmu, 18.333333333333332, 9, 10.333333333333334, 17.0,
Ayo Dosunmu, 20.0, 9, 4.0, 31.0,
Ayo Dosunmu, 28.666666666666668, 9, 3.0, 16.0,
Ayo Dosunmu, 20.666666666666668, 9, 7.0, 13.0,
Ayo Dosunmu, 22.0, 9, 8.0, 21.0,
Ayo Dosunmu, 26.0, 9, 9.666666666666666, 32.0,
Ayo Dosunmu, 42.0, 9, 12.666666666666666, 37.0,
Ayo Dosunmu, 32.333333333333336, 9, 3.0, 22.0,
Ayo Dosunmu, 22.5, 9, 9.0, 0.0,
Ayo Dosunmu, 0, 9, 10.333333333333334, 0.0,
Ayo Dosunmu, 0, 9, 9.333333333333334, 0.0,
Ayo Dosunmu, 0, 9, 12.0, 0.0,
Ayo Dosunmu, 21.0, 9, 8.0, 10.0,
Ayo Dosunmu, 18.5, 9, 6.333333333333333, 14.0,
Ayo Dosunmu, 17.333333333333332, 9, 9.0, 27.0,
Ayo Dosunmu, 25.5, 9, 6.333333333333333, 37.0,
Ayo Dosunmu, 26.333333333333332, 9, 6.666666666666667, 16.0,
Ayo Dosunmu, 18.333333333333332, 9, 9.666666666666666, 0.0,
Talen Horton-Tucker, -0.3333333333333333, 9, 6.666666666666667, 0.0,
Talen Horton-Tucker, 0, 9, 9.0, 5.0,
Talen Horton-Tucker, 14.0, 9, 10.333333333333334, 10.0,
Talen Horton-Tucker, 9.5, 9, 4.0, 0.0,
Talen Horton-Tucker, 7.0, 9, 3.0, 0.0,
Talen Horton-Tucker, 1.0, 9, 7.0, 12.0,
Talen Horton-Tucker, 23.0, 9, 8.0, 8.0,
Talen Horton-Tucker, 16.5, 9, 9.666666666666666, 24.0,
Talen Horton-Tucker, 10.333333333333334, 9, 12.666666666666666, 11.0,
Talen Horton-Tucker, 12.666666666666666, 9, 3.0, 7.0,
Talen Horton-Tucker, 7.333333333333333, 9, 9.0, 0.0,
Talen Horton-Tucker, 13.5, 9, 10.333333333333334, 13.0,
Talen Horton-Tucker, 6.5, 9, 9.333333333333334, 12.0,
Talen Horton-Tucker, 12.333333333333334, 9, 12.0, -1.0,
Talen Horton-Tucker, -2.0, 9, 8.0, 1.0,
Talen Horton-Tucker, 7.0, 9, 6.333333333333333, 2.0,
Talen Horton-Tucker, 1.3333333333333333, 9, 9.0, 0.0,
Talen Horton-Tucker, 0, 9, 6.333333333333333, 0.0,
Talen Horton-Tucker, 0, 9, 6.666666666666667, 1.0,
Talen Horton-Tucker, 1.0, 9, 9.666666666666666, 0.0,
Nikola Vucevic, 30.0, 9, 6.666666666666667, 26.0,
Nikola Vucevic, 34.0, 9, 9.0, 28.0,
Nikola Vucevic, 45.666666666666664, 9, 10.333333333333334, 13.0,
Nikola Vucevic, 31.333333333333332, 9, 4.0, 30.0,
Nikola Vucevic, 27.0, 9, 3.0, 30.0,
Nikola Vucevic, 46.666666666666664, 9, 7.0, 22.0,
Nikola Vucevic, 29.0, 9, 8.0, 16.0,
Nikola Vucevic, 44.5, 9, 9.666666666666666, 32.0,
Nikola Vucevic, 36.666666666666664, 9, 12.666666666666666, 0.0,
Nikola Vucevic, 37.0, 9, 3.0, 15.0,
Nikola Vucevic, 30.333333333333332, 9, 9.0, 19.0,
Nikola Vucevic, 32.5, 9, 10.333333333333334, 17.0,
Nikola Vucevic, 31.0, 9, 9.333333333333334, 12.0,
Nikola Vucevic, 31.666666666666668, 9, 12.0, 10.0,
Nikola Vucevic, 39.333333333333336, 9, 8.0, 42.0,
Nikola Vucevic, 38.333333333333336, 9, 6.333333333333333, 36.0,
Nikola Vucevic, 33.0, 9, 9.0, 16.0,
Nikola Vucevic, 46.5, 9, 6.333333333333333, 12.0,
Nikola Vucevic, 20.333333333333332, 9, 6.666666666666667, 14.0,
Nikola Vucevic, 19.0, 9, 9.666666666666666, 6.0,
Coby White, 28.666666666666668, 9, 6.666666666666667, 19.0,
Coby White, 26.0, 9, 9.0, 15.0,
Coby White, 24.0, 9, 10.333333333333334, 23.0,
Coby White, 37.333333333333336, 9, 4.0, 12.0,
Coby White, 24.333333333333332, 9, 3.0, 30.0,
Coby White, 30.0, 9, 7.0, 25.0,
Coby White, 20.333333333333332, 9, 8.0, 13.0,
Coby White, 13.0, 9, 9.666666666666666, 0.0,
Coby White, 25.5, 9, 12.666666666666666, 17.0,
Coby White, 19.666666666666668, 9, 3.0, 7.0,
Coby White, 20.0, 9, 9.0, 19.0,
Coby White, 30.5, 9, 10.333333333333334, 23.0,
Coby White, 34.0, 9, 9.333333333333334, 20.0,
Coby White, 21.5, 9, 12.0, 16.0,
Coby White, 29.333333333333332, 9, 8.0, 10.0,
Coby White, 1.0, 9, 6.333333333333333, 0.0,
Coby White, 9.0, 9, 9.0, 28.0,
Coby White, 25.5, 9, 6.333333333333333, 21.0,
Coby White, 30.0, 9, 6.666666666666667, 9.0,
Coby White, 12.333333333333334, 9, 9.666666666666666, 28.0,
Zach Lavine, 28.333333333333332, 9, 6.666666666666667, 20.0,
Zach Lavine, 26.5, 9, 9.0, 12.0,
Zach Lavine, 21.0, 9, 10.333333333333334, 0.0,
Zach Lavine, 27.0, 9, 4.0, 23.0,
Zach Lavine, 33.333333333333336, 9, 3.0, 31.0,
Zach Lavine, 32.0, 9, 7.0, 14.0,
Zach Lavine, 26.666666666666668, 9, 8.0, 16.0,
Zach Lavine, 26.0, 9, 9.666666666666666, 24.0,
Zach Lavine, 27.333333333333332, 9, 12.666666666666666, 18.0,
Zach Lavine, 31.5, 9, 3.0, 23.0,
Zach Lavine, 28.666666666666668, 9, 9.0, 21.0,
Zach Lavine, 21.0, 9, 10.333333333333334, 20.0,
Zach Lavine, 45.0, 9, 9.333333333333334, 16.0,
Zach Lavine, 40.333333333333336, 9, 12.0, 17.0,
Zach Lavine, 31.0, 9, 8.0, 27.0,
Zach Lavine, 31.0, 9, 6.333333333333333, 15.0,
Zach Lavine, 29.0, 9, 7.666666666666667, 0.0,
Zach Lavine, 0, 9, 11.0, 0.0,
Zach Lavine, 17.5, 9, 12.666666666666666, 19.0,
Zach Lavine, 23.666666666666668, 9, 12.0, 17.0,
